2026-05-25 14:02:54,942 [INFO] sqlalchemy.engine.Engine: select pg_catalog.version()
2026-05-25 14:02:54,944 [INFO] sqlalchemy.engine.Engine: [raw sql] ()
2026-05-25 14:02:54,989 [INFO] sqlalchemy.engine.Engine: select current_schema()
2026-05-25 14:02:54,989 [INFO] sqlalchemy.engine.Engine: [raw sql] ()
2026-05-25 14:02:54,997 [INFO] sqlalchemy.engine.Engine: show standard_conforming_strings
2026-05-25 14:02:54,998 [INFO] sqlalchemy.engine.Engine: [raw sql] ()
2026-05-25 14:02:55,003 [INFO] sqlalchemy.engine.Engine: BEGIN (implicit)
2026-05-25 14:02:55,018 [INFO] sqlalchemy.engine.Engine: SELECT users.branch_id, users.name, users.surname, users.position, users.email, users.password_hash, users.is_active, users.must_change_password, users.id, users.created_at, users.updated_at 
FROM users 
WHERE users.email = $1::VARCHAR
2026-05-25 14:02:55,019 [INFO] sqlalchemy.engine.Engine: [generated in 0.00233s] ('lily@mail.ru',)
2026-05-25 14:02:55,078 [INFO] sqlalchemy.engine.Engine: SELECT users_1.id AS users_1_id, roles.name AS roles_name, roles.id AS roles_id, roles.created_at AS roles_created_at, roles.updated_at AS roles_updated_at 
FROM users AS users_1 JOIN user_roles AS user_roles_1 ON users_1.id = user_roles_1.user_id JOIN roles ON roles.id = user_roles_1.role_id 
WHERE users_1.id IN ($1::INTEGER)
2026-05-25 14:02:55,079 [INFO] sqlalchemy.engine.Engine: [generated in 0.00137s] (12,)
2026-05-25 14:02:55,119 [DEBUG] passlib.handlers.bcrypt: detected 'bcrypt' backend, version '3.2.2'
2026-05-25 14:02:55,122 [DEBUG] passlib.handlers.bcrypt: 'bcrypt' backend lacks $2$ support, enabling workaround
2026-05-25 14:02:55,640 [INFO] sqlalchemy.engine.Engine: INSERT INTO refresh_tokens (jti, device, is_active, exp, user_id, created_at, updated_at) VALUES ($1::VARCHAR, $2::VARCHAR, $3::BOOLEAN, $4::TIMESTAMP WITH TIME ZONE, $5::INTEGER, $6::TIMESTAMP WITHOUT TIME ZONE, $7::TIMESTAMP WITHOUT TIME ZONE) RETURNING refresh_tokens.id
2026-05-25 14:02:55,641 [INFO] sqlalchemy.engine.Engine: [generated in 0.00100s] ('65c3af54-dda9-4323-b11d-bb239dfb4e23', 'PostmanRuntime/7.51.1', True, datetime.datetime(2026, 5, 28, 11, 2, 55, 632323, tzinfo=datetime.timezone.utc), 12, datetime.datetime(2026, 5, 25, 11, 2, 55, 640411), datetime.datetime(2026, 5, 25, 11, 2, 55, 640423))
2026-05-25 14:02:55,690 [INFO] app.middleware: POST /auth/login - 200 - 1.144 sec
2026-05-25 14:02:55,693 [INFO] sqlalchemy.engine.Engine: COMMIT
2026-05-25 14:03:16,341 [INFO] app.middleware: GET /template/variables - 200 - 0.007 sec
2026-05-25 14:12:22,460 [INFO] sqlalchemy.engine.Engine: select pg_catalog.version()
2026-05-25 14:12:22,461 [INFO] sqlalchemy.engine.Engine: [raw sql] ()
2026-05-25 14:12:22,493 [INFO] sqlalchemy.engine.Engine: select current_schema()
2026-05-25 14:12:22,494 [INFO] sqlalchemy.engine.Engine: [raw sql] ()
2026-05-25 14:12:22,499 [INFO] sqlalchemy.engine.Engine: show standard_conforming_strings
2026-05-25 14:12:22,500 [INFO] sqlalchemy.engine.Engine: [raw sql] ()
2026-05-25 14:12:22,507 [INFO] sqlalchemy.engine.Engine: BEGIN (implicit)
2026-05-25 14:12:22,518 [INFO] sqlalchemy.engine.Engine: SELECT projects.client_id, projects.contract_id, projects.name, projects.description, projects.start_date, projects.end_date, projects.is_archived, projects.id, projects.created_at, projects.updated_at 
FROM projects JOIN clients ON clients.id = projects.client_id 
WHERE projects.id = $1::INTEGER AND (EXISTS (SELECT 1 
FROM stages 
WHERE projects.id = stages.project_id AND (EXISTS (SELECT 1 
FROM assignments 
WHERE stages.id = assignments.stage_id AND assignments.user_id = $2::INTEGER))))
2026-05-25 14:12:22,519 [INFO] sqlalchemy.engine.Engine: [generated in 0.00071s] (1, 12)
2026-05-25 14:12:22,561 [INFO] sqlalchemy.engine.Engine: ROLLBACK
2026-05-25 14:12:22,563 [INFO] app.middleware: GET /project/1/files - 404 - 0.634 sec
2026-05-25 14:16:02,779 [INFO] app.middleware: GET /project - 403 - 0.033 sec
2026-05-25 14:16:55,489 [INFO] app.middleware: GET /user - 403 - 0.022 sec
2026-05-25 14:17:37,520 [INFO] sqlalchemy.engine.Engine: BEGIN (implicit)
2026-05-25 14:17:37,545 [INFO] sqlalchemy.engine.Engine: SELECT users.branch_id, users.name, users.surname, users.position, users.email, users.password_hash, users.is_active, users.must_change_password, users.id, users.created_at, users.updated_at 
FROM users 
WHERE users.email = $1::VARCHAR
2026-05-25 14:17:37,546 [INFO] sqlalchemy.engine.Engine: [generated in 0.00187s] ('boss9911@yamail.ru',)
2026-05-25 14:17:37,588 [INFO] sqlalchemy.engine.Engine: SELECT users_1.id AS users_1_id, roles.name AS roles_name, roles.id AS roles_id, roles.created_at AS roles_created_at, roles.updated_at AS roles_updated_at 
FROM users AS users_1 JOIN user_roles AS user_roles_1 ON users_1.id = user_roles_1.user_id JOIN roles ON roles.id = user_roles_1.role_id 
WHERE users_1.id IN ($1::INTEGER)
2026-05-25 14:17:37,589 [INFO] sqlalchemy.engine.Engine: [generated in 0.00185s] (7,)
2026-05-25 14:17:37,617 [DEBUG] passlib.handlers.bcrypt: detected 'bcrypt' backend, version '3.2.2'
2026-05-25 14:17:37,622 [DEBUG] passlib.handlers.bcrypt: 'bcrypt' backend lacks $2$ support, enabling workaround
2026-05-25 14:17:38,133 [INFO] sqlalchemy.engine.Engine: INSERT INTO refresh_tokens (jti, device, is_active, exp, user_id, created_at, updated_at) VALUES ($1::VARCHAR, $2::VARCHAR, $3::BOOLEAN, $4::TIMESTAMP WITH TIME ZONE, $5::INTEGER, $6::TIMESTAMP WITHOUT TIME ZONE, $7::TIMESTAMP WITHOUT TIME ZONE) RETURNING refresh_tokens.id
2026-05-25 14:17:38,134 [INFO] sqlalchemy.engine.Engine: [generated in 0.00102s] ('13a525d7-4e2b-48f9-9591-3a844336f752', 'PostmanRuntime/7.51.1', True, datetime.datetime(2026, 5, 28, 11, 17, 38, 126077, tzinfo=datetime.timezone.utc), 7, datetime.datetime(2026, 5, 25, 11, 17, 38, 133389), datetime.datetime(2026, 5, 25, 11, 17, 38, 133443))
2026-05-25 14:17:38,171 [INFO] app.middleware: POST /auth/login - 200 - 0.744 sec
2026-05-25 14:17:38,172 [INFO] sqlalchemy.engine.Engine: COMMIT
2026-05-25 14:17:43,755 [INFO] sqlalchemy.engine.Engine: BEGIN (implicit)
2026-05-25 14:17:43,764 [INFO] sqlalchemy.engine.Engine: SELECT count(*) AS count_1 
FROM (SELECT DISTINCT projects.client_id AS client_id, projects.contract_id AS contract_id, projects.name AS name, projects.description AS description, projects.start_date AS start_date, projects.end_date AS end_date, projects.is_archived AS is_archived, projects.id AS id, projects.created_at AS created_at, projects.updated_at AS updated_at 
FROM projects JOIN clients ON clients.id = projects.client_id 
WHERE projects.is_archived IS false ORDER BY projects.created_at DESC, projects.id DESC) AS anon_1
2026-05-25 14:17:43,766 [INFO] sqlalchemy.engine.Engine: [generated in 0.00174s] ()
2026-05-25 14:17:43,802 [INFO] sqlalchemy.engine.Engine: SELECT projects.client_id, projects.contract_id, projects.name, projects.description, projects.start_date, projects.end_date, projects.is_archived, projects.id, projects.created_at, projects.updated_at 
FROM projects JOIN clients ON clients.id = projects.client_id 
WHERE projects.is_archived IS false ORDER BY projects.created_at DESC, projects.id DESC 
 LIMIT $1::INTEGER OFFSET $2::INTEGER
2026-05-25 14:17:43,803 [INFO] sqlalchemy.engine.Engine: [generated in 0.00172s] (20, 0)
2026-05-25 14:17:43,815 [INFO] app.middleware: GET /project - 200 - 0.066 sec
2026-05-25 14:17:43,818 [INFO] sqlalchemy.engine.Engine: COMMIT
2026-05-25 14:17:57,362 [INFO] sqlalchemy.engine.Engine: BEGIN (implicit)
2026-05-25 14:17:57,368 [INFO] sqlalchemy.engine.Engine: SELECT count(*) AS count_1 
FROM (SELECT DISTINCT users.branch_id AS branch_id, users.name AS name, users.surname AS surname, users.position AS position, users.email AS email, users.password_hash AS password_hash, users.is_active AS is_active, users.must_change_password AS must_change_password, users.id AS id, users.created_at AS created_at, users.updated_at AS updated_at 
FROM users JOIN user_roles AS user_roles_1 ON users.id = user_roles_1.user_id JOIN roles ON roles.id = user_roles_1.role_id 
WHERE users.is_active IS true ORDER BY users.created_at DESC, users.id DESC) AS anon_1
2026-05-25 14:17:57,372 [INFO] sqlalchemy.engine.Engine: [generated in 0.00372s] ()
2026-05-25 14:17:57,381 [INFO] sqlalchemy.engine.Engine: SELECT users.branch_id, users.name, users.surname, users.position, users.email, users.password_hash, users.is_active, users.must_change_password, users.id, users.created_at, users.updated_at 
FROM users JOIN user_roles AS user_roles_1 ON users.id = user_roles_1.user_id JOIN roles ON roles.id = user_roles_1.role_id 
WHERE users.is_active IS true ORDER BY users.created_at DESC, users.id DESC 
 LIMIT $1::INTEGER OFFSET $2::INTEGER
2026-05-25 14:17:57,382 [INFO] sqlalchemy.engine.Engine: [generated in 0.00099s] (20, 0)
2026-05-25 14:17:57,388 [INFO] app.middleware: GET /user - 200 - 0.030 sec
2026-05-25 14:17:57,391 [INFO] sqlalchemy.engine.Engine: COMMIT
2026-05-25 14:18:18,685 [INFO] sqlalchemy.engine.Engine: BEGIN (implicit)
2026-05-25 14:18:18,690 [INFO] sqlalchemy.engine.Engine: SELECT projects.client_id, projects.contract_id, projects.name, projects.description, projects.start_date, projects.end_date, projects.is_archived, projects.id, projects.created_at, projects.updated_at 
FROM projects JOIN clients ON clients.id = projects.client_id 
WHERE projects.id = $1::INTEGER
2026-05-25 14:18:18,691 [INFO] sqlalchemy.engine.Engine: [generated in 0.00116s] (1,)
2026-05-25 14:18:18,724 [INFO] sqlalchemy.engine.Engine: SELECT contracts.id AS contracts_id, contracts.branch_id AS contracts_branch_id, contracts.company_id AS contracts_company_id, contracts.status AS contracts_status, contracts.description AS contracts_description, contracts.number AS contracts_number, contracts.name AS contracts_name, contracts.valid_from AS contracts_valid_from, contracts.valid_to AS contracts_valid_to, contracts.is_archived AS contracts_is_archived, contracts.created_at AS contracts_created_at, contracts.updated_at AS contracts_updated_at 
FROM contracts 
WHERE contracts.id IN ($1::INTEGER)
2026-05-25 14:18:18,725 [INFO] sqlalchemy.engine.Engine: [generated in 0.00126s] (1,)
2026-05-25 14:18:18,860 [INFO] sqlalchemy.engine.Engine: SELECT stages.project_id AS stages_project_id, stages.name AS stages_name, stages.position AS stages_position, stages.description AS stages_description, stages.start_date AS stages_start_date, stages.end_date AS stages_end_date, stages.is_archived AS stages_is_archived, stages.id AS stages_id, stages.created_at AS stages_created_at, stages.updated_at AS stages_updated_at 
FROM stages 
WHERE stages.project_id IN ($1::INTEGER) ORDER BY stages.position
2026-05-25 14:18:18,861 [INFO] sqlalchemy.engine.Engine: [generated in 0.00127s] (1,)
2026-05-25 14:18:19,052 [INFO] sqlalchemy.engine.Engine: SELECT files.project_id AS files_project_id, files.creator_id AS files_creator_id, files.client_id AS files_client_id, files.template_id AS files_template_id, files.name AS files_name, files.unique_name AS files_unique_name, files.path AS files_path, files.size AS files_size, files.mime_type AS files_mime_type, files.id AS files_id, files.created_at AS files_created_at, files.updated_at AS files_updated_at 
FROM files 
WHERE files.project_id IN ($1::INTEGER)
2026-05-25 14:18:19,053 [INFO] sqlalchemy.engine.Engine: [generated in 0.00178s] (1,)
2026-05-25 14:18:19,076 [INFO] sqlalchemy.engine.Engine: SELECT clients.id AS clients_id, clients.manager_id AS clients_manager_id, clients.name AS clients_name, clients.email AS clients_email, clients.telephone AS clients_telephone, clients.is_archived AS clients_is_archived, clients.created_at AS clients_created_at, clients.updated_at AS clients_updated_at 
FROM clients 
WHERE clients.id IN ($1::INTEGER)
2026-05-25 14:18:19,077 [INFO] sqlalchemy.engine.Engine: [generated in 0.00100s] (1,)
2026-05-25 14:18:19,096 [INFO] sqlalchemy.engine.Engine: SELECT companies.id AS companies_id, companies.client_id AS companies_client_id, companies.name AS companies_name, companies.inn AS companies_inn, companies.is_archived AS companies_is_archived, companies.created_at AS companies_created_at, companies.updated_at AS companies_updated_at 
FROM companies 
WHERE companies.id IN ($1::INTEGER)
2026-05-25 14:18:19,097 [INFO] sqlalchemy.engine.Engine: [generated in 0.00095s] (1,)
2026-05-25 14:18:19,119 [INFO] sqlalchemy.engine.Engine: SELECT users.id AS users_id, users.branch_id AS users_branch_id, users.name AS users_name, users.surname AS users_surname, users.position AS users_position, users.email AS users_email, users.password_hash AS users_password_hash, users.is_active AS users_is_active, users.must_change_password AS users_must_change_password, users.created_at AS users_created_at, users.updated_at AS users_updated_at 
FROM users 
WHERE users.id IN ($1::INTEGER)
2026-05-25 14:18:19,120 [INFO] sqlalchemy.engine.Engine: [generated in 0.00115s] (7,)
2026-05-25 14:18:19,129 [INFO] sqlalchemy.engine.Engine: SELECT count(*) AS count_1 
FROM (SELECT DISTINCT files.creator_id AS creator_id, files.client_id AS client_id, files.project_id AS project_id, files.template_id AS template_id, files.name AS name, files.unique_name AS unique_name, files.path AS path, files.size AS size, files.mime_type AS mime_type, files.id AS id, files.created_at AS created_at, files.updated_at AS updated_at 
FROM files 
WHERE files.project_id = $1::INTEGER ORDER BY files.created_at DESC, files.id DESC) AS anon_1
2026-05-25 14:18:19,130 [INFO] sqlalchemy.engine.Engine: [generated in 0.00105s] (1,)
2026-05-25 14:18:19,136 [INFO] sqlalchemy.engine.Engine: SELECT files.creator_id, files.client_id, files.project_id, files.template_id, files.name, files.unique_name, files.path, files.size, files.mime_type, files.id, files.created_at, files.updated_at 
FROM files 
WHERE files.project_id = $1::INTEGER ORDER BY files.created_at DESC, files.id DESC 
 LIMIT $2::INTEGER OFFSET $3::INTEGER
2026-05-25 14:18:19,137 [INFO] sqlalchemy.engine.Engine: [generated in 0.00080s] (1, 20, 0)
2026-05-25 14:18:19,141 [INFO] app.middleware: GET /project/1/files - 200 - 0.462 sec
2026-05-25 14:18:19,142 [INFO] sqlalchemy.engine.Engine: COMMIT
2026-05-25 14:18:25,234 [INFO] sqlalchemy.engine.Engine: BEGIN (implicit)
2026-05-25 14:18:25,236 [INFO] sqlalchemy.engine.Engine: SELECT projects.client_id, projects.contract_id, projects.name, projects.description, projects.start_date, projects.end_date, projects.is_archived, projects.id, projects.created_at, projects.updated_at 
FROM projects JOIN clients ON clients.id = projects.client_id 
WHERE projects.id = $1::INTEGER
2026-05-25 14:18:25,237 [INFO] sqlalchemy.engine.Engine: [cached since 6.547s ago] (2,)
2026-05-25 14:18:25,242 [INFO] sqlalchemy.engine.Engine: SELECT contracts.id AS contracts_id, contracts.branch_id AS contracts_branch_id, contracts.company_id AS contracts_company_id, contracts.status AS contracts_status, contracts.description AS contracts_description, contracts.number AS contracts_number, contracts.name AS contracts_name, contracts.valid_from AS contracts_valid_from, contracts.valid_to AS contracts_valid_to, contracts.is_archived AS contracts_is_archived, contracts.created_at AS contracts_created_at, contracts.updated_at AS contracts_updated_at 
FROM contracts 
WHERE contracts.id IN ($1::INTEGER)
2026-05-25 14:18:25,246 [INFO] sqlalchemy.engine.Engine: [cached since 6.523s ago] (3,)
2026-05-25 14:18:25,250 [INFO] sqlalchemy.engine.Engine: SELECT stages.project_id AS stages_project_id, stages.name AS stages_name, stages.position AS stages_position, stages.description AS stages_description, stages.start_date AS stages_start_date, stages.end_date AS stages_end_date, stages.is_archived AS stages_is_archived, stages.id AS stages_id, stages.created_at AS stages_created_at, stages.updated_at AS stages_updated_at 
FROM stages 
WHERE stages.project_id IN ($1::INTEGER) ORDER BY stages.position
2026-05-25 14:18:25,251 [INFO] sqlalchemy.engine.Engine: [cached since 6.391s ago] (2,)
2026-05-25 14:18:25,256 [INFO] sqlalchemy.engine.Engine: SELECT files.project_id AS files_project_id, files.creator_id AS files_creator_id, files.client_id AS files_client_id, files.template_id AS files_template_id, files.name AS files_name, files.unique_name AS files_unique_name, files.path AS files_path, files.size AS files_size, files.mime_type AS files_mime_type, files.id AS files_id, files.created_at AS files_created_at, files.updated_at AS files_updated_at 
FROM files 
WHERE files.project_id IN ($1::INTEGER)
2026-05-25 14:18:25,258 [INFO] sqlalchemy.engine.Engine: [cached since 6.206s ago] (2,)
2026-05-25 14:18:25,264 [INFO] sqlalchemy.engine.Engine: SELECT clients.id AS clients_id, clients.manager_id AS clients_manager_id, clients.name AS clients_name, clients.email AS clients_email, clients.telephone AS clients_telephone, clients.is_archived AS clients_is_archived, clients.created_at AS clients_created_at, clients.updated_at AS clients_updated_at 
FROM clients 
WHERE clients.id IN ($1::INTEGER)
2026-05-25 14:18:25,269 [INFO] sqlalchemy.engine.Engine: [cached since 6.193s ago] (2,)
2026-05-25 14:18:25,272 [INFO] sqlalchemy.engine.Engine: SELECT companies.id AS companies_id, companies.client_id AS companies_client_id, companies.name AS companies_name, companies.inn AS companies_inn, companies.is_archived AS companies_is_archived, companies.created_at AS companies_created_at, companies.updated_at AS companies_updated_at 
FROM companies 
WHERE companies.id IN ($1::INTEGER)
2026-05-25 14:18:25,273 [INFO] sqlalchemy.engine.Engine: [cached since 6.177s ago] (2,)
2026-05-25 14:18:25,276 [INFO] sqlalchemy.engine.Engine: SELECT users.id AS users_id, users.branch_id AS users_branch_id, users.name AS users_name, users.surname AS users_surname, users.position AS users_position, users.email AS users_email, users.password_hash AS users_password_hash, users.is_active AS users_is_active, users.must_change_password AS users_must_change_password, users.created_at AS users_created_at, users.updated_at AS users_updated_at 
FROM users 
WHERE users.id IN ($1::INTEGER)
2026-05-25 14:18:25,276 [INFO] sqlalchemy.engine.Engine: [cached since 6.157s ago] (13,)
2026-05-25 14:18:25,279 [INFO] sqlalchemy.engine.Engine: SELECT count(*) AS count_1 
FROM (SELECT DISTINCT files.creator_id AS creator_id, files.client_id AS client_id, files.project_id AS project_id, files.template_id AS template_id, files.name AS name, files.unique_name AS unique_name, files.path AS path, files.size AS size, files.mime_type AS mime_type, files.id AS id, files.created_at AS created_at, files.updated_at AS updated_at 
FROM files 
WHERE files.project_id = $1::INTEGER ORDER BY files.created_at DESC, files.id DESC) AS anon_1
2026-05-25 14:18:25,280 [INFO] sqlalchemy.engine.Engine: [cached since 6.151s ago] (2,)
2026-05-25 14:18:25,283 [INFO] sqlalchemy.engine.Engine: SELECT files.creator_id, files.client_id, files.project_id, files.template_id, files.name, files.unique_name, files.path, files.size, files.mime_type, files.id, files.created_at, files.updated_at 
FROM files 
WHERE files.project_id = $1::INTEGER ORDER BY files.created_at DESC, files.id DESC 
 LIMIT $2::INTEGER OFFSET $3::INTEGER
2026-05-25 14:18:25,286 [INFO] sqlalchemy.engine.Engine: [cached since 6.15s ago] (2, 20, 0)
2026-05-25 14:18:25,288 [INFO] app.middleware: GET /project/2/files - 200 - 0.057 sec
2026-05-25 14:18:25,290 [INFO] sqlalchemy.engine.Engine: COMMIT
2026-05-25 14:18:30,865 [INFO] sqlalchemy.engine.Engine: BEGIN (implicit)
2026-05-25 14:18:30,866 [INFO] sqlalchemy.engine.Engine: SELECT projects.client_id, projects.contract_id, projects.name, projects.description, projects.start_date, projects.end_date, projects.is_archived, projects.id, projects.created_at, projects.updated_at 
FROM projects JOIN clients ON clients.id = projects.client_id 
WHERE projects.id = $1::INTEGER
2026-05-25 14:18:30,867 [INFO] sqlalchemy.engine.Engine: [cached since 12.18s ago] (3,)
2026-05-25 14:18:30,871 [INFO] sqlalchemy.engine.Engine: SELECT stages.project_id AS stages_project_id, stages.name AS stages_name, stages.position AS stages_position, stages.description AS stages_description, stages.start_date AS stages_start_date, stages.end_date AS stages_end_date, stages.is_archived AS stages_is_archived, stages.id AS stages_id, stages.created_at AS stages_created_at, stages.updated_at AS stages_updated_at 
FROM stages 
WHERE stages.project_id IN ($1::INTEGER) ORDER BY stages.position
2026-05-25 14:18:30,872 [INFO] sqlalchemy.engine.Engine: [cached since 12.01s ago] (3,)
2026-05-25 14:18:30,876 [INFO] sqlalchemy.engine.Engine: SELECT files.project_id AS files_project_id, files.creator_id AS files_creator_id, files.client_id AS files_client_id, files.template_id AS files_template_id, files.name AS files_name, files.unique_name AS files_unique_name, files.path AS files_path, files.size AS files_size, files.mime_type AS files_mime_type, files.id AS files_id, files.created_at AS files_created_at, files.updated_at AS files_updated_at 
FROM files 
WHERE files.project_id IN ($1::INTEGER)
2026-05-25 14:18:30,877 [INFO] sqlalchemy.engine.Engine: [cached since 11.83s ago] (3,)
2026-05-25 14:18:30,879 [INFO] sqlalchemy.engine.Engine: SELECT clients.id AS clients_id, clients.manager_id AS clients_manager_id, clients.name AS clients_name, clients.email AS clients_email, clients.telephone AS clients_telephone, clients.is_archived AS clients_is_archived, clients.created_at AS clients_created_at, clients.updated_at AS clients_updated_at 
FROM clients 
WHERE clients.id IN ($1::INTEGER)
2026-05-25 14:18:30,880 [INFO] sqlalchemy.engine.Engine: [cached since 11.8s ago] (3,)
2026-05-25 14:18:30,885 [INFO] sqlalchemy.engine.Engine: SELECT users.id AS users_id, users.branch_id AS users_branch_id, users.name AS users_name, users.surname AS users_surname, users.position AS users_position, users.email AS users_email, users.password_hash AS users_password_hash, users.is_active AS users_is_active, users.must_change_password AS users_must_change_password, users.created_at AS users_created_at, users.updated_at AS users_updated_at 
FROM users 
WHERE users.id IN ($1::INTEGER)
2026-05-25 14:18:30,886 [INFO] sqlalchemy.engine.Engine: [cached since 11.77s ago] (7,)
2026-05-25 14:18:30,889 [INFO] sqlalchemy.engine.Engine: SELECT count(*) AS count_1 
FROM (SELECT DISTINCT files.creator_id AS creator_id, files.client_id AS client_id, files.project_id AS project_id, files.template_id AS template_id, files.name AS name, files.unique_name AS unique_name, files.path AS path, files.size AS size, files.mime_type AS mime_type, files.id AS id, files.created_at AS created_at, files.updated_at AS updated_at 
FROM files 
WHERE files.project_id = $1::INTEGER ORDER BY files.created_at DESC, files.id DESC) AS anon_1
2026-05-25 14:18:30,890 [INFO] sqlalchemy.engine.Engine: [cached since 11.76s ago] (3,)
2026-05-25 14:18:30,893 [INFO] sqlalchemy.engine.Engine: SELECT files.creator_id, files.client_id, files.project_id, files.template_id, files.name, files.unique_name, files.path, files.size, files.mime_type, files.id, files.created_at, files.updated_at 
FROM files 
WHERE files.project_id = $1::INTEGER ORDER BY files.created_at DESC, files.id DESC 
 LIMIT $2::INTEGER OFFSET $3::INTEGER
2026-05-25 14:18:30,894 [INFO] sqlalchemy.engine.Engine: [cached since 11.76s ago] (3, 20, 0)
2026-05-25 14:18:30,898 [INFO] app.middleware: GET /project/3/files - 200 - 0.036 sec
2026-05-25 14:18:30,899 [INFO] sqlalchemy.engine.Engine: COMMIT
2026-05-25 14:19:03,362 [DEBUG] python_multipart.multipart: Calling on_part_begin with no data
2026-05-25 14:19:03,363 [DEBUG] python_multipart.multipart: Calling on_header_field with data[54:73]
2026-05-25 14:19:03,363 [DEBUG] python_multipart.multipart: Calling on_header_value with data[75:122]
2026-05-25 14:19:03,363 [DEBUG] python_multipart.multipart: Calling on_header_end with no data
2026-05-25 14:19:03,363 [DEBUG] python_multipart.multipart: Calling on_header_field with data[124:136]
2026-05-25 14:19:03,363 [DEBUG] python_multipart.multipart: Calling on_header_value with data[138:209]
2026-05-25 14:19:03,364 [DEBUG] python_multipart.multipart: Calling on_header_end with no data
2026-05-25 14:19:03,364 [DEBUG] python_multipart.multipart: Calling on_headers_finished with no data
2026-05-25 14:19:03,365 [DEBUG] python_multipart.multipart: Calling on_part_data with data[0:12988]
2026-05-25 14:19:03,365 [DEBUG] python_multipart.multipart: Calling on_part_end with no data
2026-05-25 14:19:03,365 [DEBUG] python_multipart.multipart: Calling on_end with no data
2026-05-25 14:19:03,376 [INFO] app.middleware: POST /project/1/files - 422 - 0.018 sec
2026-05-25 14:19:33,580 [DEBUG] python_multipart.multipart: Calling on_part_begin with no data
2026-05-25 14:19:33,581 [DEBUG] python_multipart.multipart: Calling on_header_field with data[54:73]
2026-05-25 14:19:33,581 [DEBUG] python_multipart.multipart: Calling on_header_value with data[75:127]
2026-05-25 14:19:33,581 [DEBUG] python_multipart.multipart: Calling on_header_end with no data
2026-05-25 14:19:33,581 [DEBUG] python_multipart.multipart: Calling on_header_field with data[129:141]
2026-05-25 14:19:33,582 [DEBUG] python_multipart.multipart: Calling on_header_value with data[143:214]
2026-05-25 14:19:33,582 [DEBUG] python_multipart.multipart: Calling on_header_end with no data
2026-05-25 14:19:33,582 [DEBUG] python_multipart.multipart: Calling on_headers_finished with no data
2026-05-25 14:19:33,582 [DEBUG] python_multipart.multipart: Calling on_part_data with data[218:13206]
2026-05-25 14:19:33,583 [DEBUG] python_multipart.multipart: Calling on_part_end with no data
2026-05-25 14:19:33,583 [DEBUG] python_multipart.multipart: Calling on_end with no data
2026-05-25 14:19:33,588 [INFO] sqlalchemy.engine.Engine: BEGIN (implicit)
2026-05-25 14:19:33,590 [INFO] sqlalchemy.engine.Engine: SELECT projects.client_id, projects.contract_id, projects.name, projects.description, projects.start_date, projects.end_date, projects.is_archived, projects.id, projects.created_at, projects.updated_at 
FROM projects JOIN clients ON clients.id = projects.client_id 
WHERE projects.id = $1::INTEGER
2026-05-25 14:19:33,590 [INFO] sqlalchemy.engine.Engine: [cached since 74.9s ago] (1,)
2026-05-25 14:19:33,596 [INFO] sqlalchemy.engine.Engine: SELECT contracts.id AS contracts_id, contracts.branch_id AS contracts_branch_id, contracts.company_id AS contracts_company_id, contracts.status AS contracts_status, contracts.description AS contracts_description, contracts.number AS contracts_number, contracts.name AS contracts_name, contracts.valid_from AS contracts_valid_from, contracts.valid_to AS contracts_valid_to, contracts.is_archived AS contracts_is_archived, contracts.created_at AS contracts_created_at, contracts.updated_at AS contracts_updated_at 
FROM contracts 
WHERE contracts.id IN ($1::INTEGER)
2026-05-25 14:19:33,596 [INFO] sqlalchemy.engine.Engine: [cached since 74.87s ago] (1,)
2026-05-25 14:19:33,602 [INFO] sqlalchemy.engine.Engine: SELECT stages.project_id AS stages_project_id, stages.name AS stages_name, stages.position AS stages_position, stages.description AS stages_description, stages.start_date AS stages_start_date, stages.end_date AS stages_end_date, stages.is_archived AS stages_is_archived, stages.id AS stages_id, stages.created_at AS stages_created_at, stages.updated_at AS stages_updated_at 
FROM stages 
WHERE stages.project_id IN ($1::INTEGER) ORDER BY stages.position
2026-05-25 14:19:33,602 [INFO] sqlalchemy.engine.Engine: [cached since 74.74s ago] (1,)
2026-05-25 14:19:33,607 [INFO] sqlalchemy.engine.Engine: SELECT files.project_id AS files_project_id, files.creator_id AS files_creator_id, files.client_id AS files_client_id, files.template_id AS files_template_id, files.name AS files_name, files.unique_name AS files_unique_name, files.path AS files_path, files.size AS files_size, files.mime_type AS files_mime_type, files.id AS files_id, files.created_at AS files_created_at, files.updated_at AS files_updated_at 
FROM files 
WHERE files.project_id IN ($1::INTEGER)
2026-05-25 14:19:33,607 [INFO] sqlalchemy.engine.Engine: [cached since 74.56s ago] (1,)
2026-05-25 14:19:33,613 [INFO] sqlalchemy.engine.Engine: SELECT clients.id AS clients_id, clients.manager_id AS clients_manager_id, clients.name AS clients_name, clients.email AS clients_email, clients.telephone AS clients_telephone, clients.is_archived AS clients_is_archived, clients.created_at AS clients_created_at, clients.updated_at AS clients_updated_at 
FROM clients 
WHERE clients.id IN ($1::INTEGER)
2026-05-25 14:19:33,620 [INFO] sqlalchemy.engine.Engine: [cached since 74.54s ago] (1,)
2026-05-25 14:19:33,625 [INFO] sqlalchemy.engine.Engine: SELECT companies.id AS companies_id, companies.client_id AS companies_client_id, companies.name AS companies_name, companies.inn AS companies_inn, companies.is_archived AS companies_is_archived, companies.created_at AS companies_created_at, companies.updated_at AS companies_updated_at 
FROM companies 
WHERE companies.id IN ($1::INTEGER)
2026-05-25 14:19:33,626 [INFO] sqlalchemy.engine.Engine: [cached since 74.53s ago] (1,)
2026-05-25 14:19:33,631 [INFO] sqlalchemy.engine.Engine: SELECT users.id AS users_id, users.branch_id AS users_branch_id, users.name AS users_name, users.surname AS users_surname, users.position AS users_position, users.email AS users_email, users.password_hash AS users_password_hash, users.is_active AS users_is_active, users.must_change_password AS users_must_change_password, users.created_at AS users_created_at, users.updated_at AS users_updated_at 
FROM users 
WHERE users.id IN ($1::INTEGER)
2026-05-25 14:19:33,632 [INFO] sqlalchemy.engine.Engine: [cached since 74.51s ago] (7,)
2026-05-25 14:19:33,694 [INFO] sqlalchemy.engine.Engine: INSERT INTO files (creator_id, client_id, project_id, template_id, name, unique_name, path, size, mime_type, created_at, updated_at) VALUES ($1::INTEGER, $2::INTEGER, $3::INTEGER, $4::INTEGER, $5::VARCHAR, $6::VARCHAR, $7::VARCHAR, $8::BIGINT, $9::VARCHAR, $10::TIMESTAMP WITHOUT TIME ZONE, $11::TIMESTAMP WITHOUT TIME ZONE) RETURNING files.id
2026-05-25 14:19:33,695 [INFO] sqlalchemy.engine.Engine: [generated in 0.00150s] (7, None, None, None, 'kazan plans.docx', '02349dd973904b278dbed7f7cb1e63.docx', './uploads\\02349dd973904b278dbed7f7cb1e63.docx', 12988, 'application/vnd.openxmlformats-officedocument.wordprocessingml.document', datetime.datetime(2026, 5, 25, 11, 19, 33, 694289), datetime.datetime(2026, 5, 25, 11, 19, 33, 694302))
2026-05-25 14:19:33,711 [INFO] app.middleware: POST /project/1/files - 200 - 0.132 sec
2026-05-25 14:19:33,716 [INFO] sqlalchemy.engine.Engine: UPDATE files SET project_id=$1::INTEGER, updated_at=$2::TIMESTAMP WITHOUT TIME ZONE WHERE files.id = $3::INTEGER
2026-05-25 14:19:33,717 [INFO] sqlalchemy.engine.Engine: [generated in 0.00136s] (1, datetime.datetime(2026, 5, 25, 11, 19, 33, 716541), 1)
2026-05-25 14:19:33,729 [INFO] sqlalchemy.engine.Engine: COMMIT
2026-05-25 14:19:41,405 [INFO] sqlalchemy.engine.Engine: BEGIN (implicit)
2026-05-25 14:19:41,406 [INFO] sqlalchemy.engine.Engine: SELECT projects.client_id, projects.contract_id, projects.name, projects.description, projects.start_date, projects.end_date, projects.is_archived, projects.id, projects.created_at, projects.updated_at 
FROM projects JOIN clients ON clients.id = projects.client_id 
WHERE projects.id = $1::INTEGER
2026-05-25 14:19:41,407 [INFO] sqlalchemy.engine.Engine: [cached since 82.72s ago] (1,)
2026-05-25 14:19:41,411 [INFO] sqlalchemy.engine.Engine: SELECT contracts.id AS contracts_id, contracts.branch_id AS contracts_branch_id, contracts.company_id AS contracts_company_id, contracts.status AS contracts_status, contracts.description AS contracts_description, contracts.number AS contracts_number, contracts.name AS contracts_name, contracts.valid_from AS contracts_valid_from, contracts.valid_to AS contracts_valid_to, contracts.is_archived AS contracts_is_archived, contracts.created_at AS contracts_created_at, contracts.updated_at AS contracts_updated_at 
FROM contracts 
WHERE contracts.id IN ($1::INTEGER)
2026-05-25 14:19:41,411 [INFO] sqlalchemy.engine.Engine: [cached since 82.69s ago] (1,)
2026-05-25 14:19:41,416 [INFO] sqlalchemy.engine.Engine: SELECT stages.project_id AS stages_project_id, stages.name AS stages_name, stages.position AS stages_position, stages.description AS stages_description, stages.start_date AS stages_start_date, stages.end_date AS stages_end_date, stages.is_archived AS stages_is_archived, stages.id AS stages_id, stages.created_at AS stages_created_at, stages.updated_at AS stages_updated_at 
FROM stages 
WHERE stages.project_id IN ($1::INTEGER) ORDER BY stages.position
2026-05-25 14:19:41,418 [INFO] sqlalchemy.engine.Engine: [cached since 82.56s ago] (1,)
2026-05-25 14:19:41,422 [INFO] sqlalchemy.engine.Engine: SELECT files.project_id AS files_project_id, files.creator_id AS files_creator_id, files.client_id AS files_client_id, files.template_id AS files_template_id, files.name AS files_name, files.unique_name AS files_unique_name, files.path AS files_path, files.size AS files_size, files.mime_type AS files_mime_type, files.id AS files_id, files.created_at AS files_created_at, files.updated_at AS files_updated_at 
FROM files 
WHERE files.project_id IN ($1::INTEGER)
2026-05-25 14:19:41,423 [INFO] sqlalchemy.engine.Engine: [cached since 82.37s ago] (1,)
2026-05-25 14:19:41,428 [INFO] sqlalchemy.engine.Engine: SELECT clients.id AS clients_id, clients.manager_id AS clients_manager_id, clients.name AS clients_name, clients.email AS clients_email, clients.telephone AS clients_telephone, clients.is_archived AS clients_is_archived, clients.created_at AS clients_created_at, clients.updated_at AS clients_updated_at 
FROM clients 
WHERE clients.id IN ($1::INTEGER)
2026-05-25 14:19:41,429 [INFO] sqlalchemy.engine.Engine: [cached since 82.35s ago] (1,)
2026-05-25 14:19:41,432 [INFO] sqlalchemy.engine.Engine: SELECT companies.id AS companies_id, companies.client_id AS companies_client_id, companies.name AS companies_name, companies.inn AS companies_inn, companies.is_archived AS companies_is_archived, companies.created_at AS companies_created_at, companies.updated_at AS companies_updated_at 
FROM companies 
WHERE companies.id IN ($1::INTEGER)
2026-05-25 14:19:41,433 [INFO] sqlalchemy.engine.Engine: [cached since 82.34s ago] (1,)
2026-05-25 14:19:41,437 [INFO] sqlalchemy.engine.Engine: SELECT users.id AS users_id, users.branch_id AS users_branch_id, users.name AS users_name, users.surname AS users_surname, users.position AS users_position, users.email AS users_email, users.password_hash AS users_password_hash, users.is_active AS users_is_active, users.must_change_password AS users_must_change_password, users.created_at AS users_created_at, users.updated_at AS users_updated_at 
FROM users 
WHERE users.id IN ($1::INTEGER)
2026-05-25 14:19:41,438 [INFO] sqlalchemy.engine.Engine: [cached since 82.32s ago] (7,)
2026-05-25 14:19:41,443 [INFO] sqlalchemy.engine.Engine: SELECT count(*) AS count_1 
FROM (SELECT DISTINCT files.creator_id AS creator_id, files.client_id AS client_id, files.project_id AS project_id, files.template_id AS template_id, files.name AS name, files.unique_name AS unique_name, files.path AS path, files.size AS size, files.mime_type AS mime_type, files.id AS id, files.created_at AS created_at, files.updated_at AS updated_at 
FROM files 
WHERE files.project_id = $1::INTEGER ORDER BY files.created_at DESC, files.id DESC) AS anon_1
2026-05-25 14:19:41,443 [INFO] sqlalchemy.engine.Engine: [cached since 82.31s ago] (1,)
2026-05-25 14:19:41,446 [INFO] sqlalchemy.engine.Engine: SELECT files.creator_id, files.client_id, files.project_id, files.template_id, files.name, files.unique_name, files.path, files.size, files.mime_type, files.id, files.created_at, files.updated_at 
FROM files 
WHERE files.project_id = $1::INTEGER ORDER BY files.created_at DESC, files.id DESC 
 LIMIT $2::INTEGER OFFSET $3::INTEGER
2026-05-25 14:19:41,447 [INFO] sqlalchemy.engine.Engine: [cached since 82.31s ago] (1, 20, 0)
2026-05-25 14:19:41,451 [INFO] app.middleware: GET /project/1/files - 200 - 0.049 sec
2026-05-25 14:19:41,453 [INFO] sqlalchemy.engine.Engine: COMMIT
2026-05-25 14:20:41,952 [DEBUG] python_multipart.multipart: Calling on_part_begin with no data
2026-05-25 14:20:41,953 [DEBUG] python_multipart.multipart: Calling on_header_field with data[54:73]
2026-05-25 14:20:41,953 [DEBUG] python_multipart.multipart: Calling on_header_value with data[75:127]
2026-05-25 14:20:41,953 [DEBUG] python_multipart.multipart: Calling on_header_end with no data
2026-05-25 14:20:41,953 [DEBUG] python_multipart.multipart: Calling on_header_field with data[129:141]
2026-05-25 14:20:41,953 [DEBUG] python_multipart.multipart: Calling on_header_value with data[143:214]
2026-05-25 14:20:41,953 [DEBUG] python_multipart.multipart: Calling on_header_end with no data
2026-05-25 14:20:41,954 [DEBUG] python_multipart.multipart: Calling on_headers_finished with no data
2026-05-25 14:20:41,954 [DEBUG] python_multipart.multipart: Calling on_part_data with data[0:12988]
2026-05-25 14:20:41,954 [DEBUG] python_multipart.multipart: Calling on_part_end with no data
2026-05-25 14:20:41,955 [DEBUG] python_multipart.multipart: Calling on_part_begin with no data
2026-05-25 14:20:41,955 [DEBUG] python_multipart.multipart: Calling on_header_field with data[13044:13063]
2026-05-25 14:20:41,955 [DEBUG] python_multipart.multipart: Calling on_header_value with data[13065:13212]
2026-05-25 14:20:41,955 [DEBUG] python_multipart.multipart: Calling on_header_end with no data
2026-05-25 14:20:41,955 [DEBUG] python_multipart.multipart: Calling on_header_field with data[13214:13226]
2026-05-25 14:20:41,955 [DEBUG] python_multipart.multipart: Calling on_header_value with data[13228:13243]
2026-05-25 14:20:41,955 [DEBUG] python_multipart.multipart: Calling on_header_end with no data
2026-05-25 14:20:41,956 [DEBUG] python_multipart.multipart: Calling on_headers_finished with no data
2026-05-25 14:20:41,958 [DEBUG] python_multipart.multipart: Calling on_part_data with data[0:65536]
2026-05-25 14:20:41,959 [DEBUG] python_multipart.multipart: Calling on_part_data with data[0:131072]
2026-05-25 14:20:41,960 [DEBUG] python_multipart.multipart: Calling on_part_data with data[0:18010]
2026-05-25 14:20:41,961 [DEBUG] python_multipart.multipart: Calling on_part_end with no data
2026-05-25 14:20:41,961 [DEBUG] python_multipart.multipart: Calling on_end with no data
2026-05-25 14:20:41,963 [INFO] sqlalchemy.engine.Engine: BEGIN (implicit)
2026-05-25 14:20:41,964 [INFO] sqlalchemy.engine.Engine: SELECT projects.client_id, projects.contract_id, projects.name, projects.description, projects.start_date, projects.end_date, projects.is_archived, projects.id, projects.created_at, projects.updated_at 
FROM projects JOIN clients ON clients.id = projects.client_id 
WHERE projects.id = $1::INTEGER
2026-05-25 14:20:41,965 [INFO] sqlalchemy.engine.Engine: [cached since 143.3s ago] (2,)
2026-05-25 14:20:41,969 [INFO] sqlalchemy.engine.Engine: SELECT contracts.id AS contracts_id, contracts.branch_id AS contracts_branch_id, contracts.company_id AS contracts_company_id, contracts.status AS contracts_status, contracts.description AS contracts_description, contracts.number AS contracts_number, contracts.name AS contracts_name, contracts.valid_from AS contracts_valid_from, contracts.valid_to AS contracts_valid_to, contracts.is_archived AS contracts_is_archived, contracts.created_at AS contracts_created_at, contracts.updated_at AS contracts_updated_at 
FROM contracts 
WHERE contracts.id IN ($1::INTEGER)
2026-05-25 14:20:41,971 [INFO] sqlalchemy.engine.Engine: [cached since 143.2s ago] (3,)
2026-05-25 14:20:41,974 [INFO] sqlalchemy.engine.Engine: SELECT stages.project_id AS stages_project_id, stages.name AS stages_name, stages.position AS stages_position, stages.description AS stages_description, stages.start_date AS stages_start_date, stages.end_date AS stages_end_date, stages.is_archived AS stages_is_archived, stages.id AS stages_id, stages.created_at AS stages_created_at, stages.updated_at AS stages_updated_at 
FROM stages 
WHERE stages.project_id IN ($1::INTEGER) ORDER BY stages.position
2026-05-25 14:20:41,974 [INFO] sqlalchemy.engine.Engine: [cached since 143.1s ago] (2,)
2026-05-25 14:20:41,979 [INFO] sqlalchemy.engine.Engine: SELECT files.project_id AS files_project_id, files.creator_id AS files_creator_id, files.client_id AS files_client_id, files.template_id AS files_template_id, files.name AS files_name, files.unique_name AS files_unique_name, files.path AS files_path, files.size AS files_size, files.mime_type AS files_mime_type, files.id AS files_id, files.created_at AS files_created_at, files.updated_at AS files_updated_at 
FROM files 
WHERE files.project_id IN ($1::INTEGER)
2026-05-25 14:20:41,980 [INFO] sqlalchemy.engine.Engine: [cached since 142.9s ago] (2,)
2026-05-25 14:20:41,982 [INFO] sqlalchemy.engine.Engine: SELECT clients.id AS clients_id, clients.manager_id AS clients_manager_id, clients.name AS clients_name, clients.email AS clients_email, clients.telephone AS clients_telephone, clients.is_archived AS clients_is_archived, clients.created_at AS clients_created_at, clients.updated_at AS clients_updated_at 
FROM clients 
WHERE clients.id IN ($1::INTEGER)
2026-05-25 14:20:41,983 [INFO] sqlalchemy.engine.Engine: [cached since 142.9s ago] (2,)
2026-05-25 14:20:41,986 [INFO] sqlalchemy.engine.Engine: SELECT companies.id AS companies_id, companies.client_id AS companies_client_id, companies.name AS companies_name, companies.inn AS companies_inn, companies.is_archived AS companies_is_archived, companies.created_at AS companies_created_at, companies.updated_at AS companies_updated_at 
FROM companies 
WHERE companies.id IN ($1::INTEGER)
2026-05-25 14:20:41,987 [INFO] sqlalchemy.engine.Engine: [cached since 142.9s ago] (2,)
2026-05-25 14:20:41,990 [INFO] sqlalchemy.engine.Engine: SELECT users.id AS users_id, users.branch_id AS users_branch_id, users.name AS users_name, users.surname AS users_surname, users.position AS users_position, users.email AS users_email, users.password_hash AS users_password_hash, users.is_active AS users_is_active, users.must_change_password AS users_must_change_password, users.created_at AS users_created_at, users.updated_at AS users_updated_at 
FROM users 
WHERE users.id IN ($1::INTEGER)
2026-05-25 14:20:41,993 [INFO] sqlalchemy.engine.Engine: [cached since 142.9s ago] (13,)
2026-05-25 14:20:42,000 [INFO] sqlalchemy.engine.Engine: INSERT INTO files (creator_id, client_id, project_id, template_id, name, unique_name, path, size, mime_type, created_at, updated_at) VALUES ($1::INTEGER, $2::INTEGER, $3::INTEGER, $4::INTEGER, $5::VARCHAR, $6::VARCHAR, $7::VARCHAR, $8::BIGINT, $9::VARCHAR, $10::TIMESTAMP WITHOUT TIME ZONE, $11::TIMESTAMP WITHOUT TIME ZONE) RETURNING files.id
2026-05-25 14:20:42,001 [INFO] sqlalchemy.engine.Engine: [cached since 68.31s ago] (7, None, None, None, 'kazan plans.docx', 'f5a72951aded496eae6051d1087c4e.docx', './uploads\\f5a72951aded496eae6051d1087c4e.docx', 12988, 'application/vnd.openxmlformats-officedocument.wordprocessingml.document', datetime.datetime(2026, 5, 25, 11, 20, 42, 749), datetime.datetime(2026, 5, 25, 11, 20, 42, 756))
2026-05-25 14:20:42,007 [INFO] sqlalchemy.engine.Engine: UPDATE files SET project_id=$1::INTEGER, updated_at=$2::TIMESTAMP WITHOUT TIME ZONE WHERE files.id = $3::INTEGER
2026-05-25 14:20:42,008 [INFO] sqlalchemy.engine.Engine: [cached since 68.29s ago] (2, datetime.datetime(2026, 5, 25, 11, 20, 42, 7801), 2)
2026-05-25 14:20:42,010 [INFO] sqlalchemy.engine.Engine: INSERT INTO files (creator_id, client_id, project_id, template_id, name, unique_name, path, size, mime_type, created_at, updated_at) VALUES ($1::INTEGER, $2::INTEGER, $3::INTEGER, $4::INTEGER, $5::VARCHAR, $6::VARCHAR, $7::VARCHAR, $8::BIGINT, $9::VARCHAR, $10::TIMESTAMP WITHOUT TIME ZONE, $11::TIMESTAMP WITHOUT TIME ZONE) RETURNING files.id
2026-05-25 14:20:42,193 [INFO] app.middleware: POST /project/2/files - 200 - 0.243 sec
2026-05-25 14:20:42,195 [INFO] sqlalchemy.engine.Engine: UPDATE files SET project_id=$1::INTEGER, updated_at=$2::TIMESTAMP WITHOUT TIME ZONE WHERE files.id = $3::INTEGER
2026-05-25 14:20:42,196 [INFO] sqlalchemy.engine.Engine: [cached since 68.48s ago] (2, datetime.datetime(2026, 5, 25, 11, 20, 42, 195940), 3)
2026-05-25 14:20:42,199 [INFO] sqlalchemy.engine.Engine: COMMIT
2026-05-25 14:20:51,792 [INFO] sqlalchemy.engine.Engine: BEGIN (implicit)
2026-05-25 14:20:51,793 [INFO] sqlalchemy.engine.Engine: SELECT projects.client_id, projects.contract_id, projects.name, projects.description, projects.start_date, projects.end_date, projects.is_archived, projects.id, projects.created_at, projects.updated_at 
FROM projects JOIN clients ON clients.id = projects.client_id 
WHERE projects.id = $1::INTEGER
2026-05-25 14:20:51,794 [INFO] sqlalchemy.engine.Engine: [cached since 153.1s ago] (2,)
2026-05-25 14:20:51,797 [INFO] sqlalchemy.engine.Engine: SELECT contracts.id AS contracts_id, contracts.branch_id AS contracts_branch_id, contracts.company_id AS contracts_company_id, contracts.status AS contracts_status, contracts.description AS contracts_description, contracts.number AS contracts_number, contracts.name AS contracts_name, contracts.valid_from AS contracts_valid_from, contracts.valid_to AS contracts_valid_to, contracts.is_archived AS contracts_is_archived, contracts.created_at AS contracts_created_at, contracts.updated_at AS contracts_updated_at 
FROM contracts 
WHERE contracts.id IN ($1::INTEGER)
2026-05-25 14:20:51,798 [INFO] sqlalchemy.engine.Engine: [cached since 153.1s ago] (3,)
2026-05-25 14:20:51,801 [INFO] sqlalchemy.engine.Engine: SELECT stages.project_id AS stages_project_id, stages.name AS stages_name, stages.position AS stages_position, stages.description AS stages_description, stages.start_date AS stages_start_date, stages.end_date AS stages_end_date, stages.is_archived AS stages_is_archived, stages.id AS stages_id, stages.created_at AS stages_created_at, stages.updated_at AS stages_updated_at 
FROM stages 
WHERE stages.project_id IN ($1::INTEGER) ORDER BY stages.position
2026-05-25 14:20:51,802 [INFO] sqlalchemy.engine.Engine: [cached since 152.9s ago] (2,)
2026-05-25 14:20:51,804 [INFO] sqlalchemy.engine.Engine: SELECT files.project_id AS files_project_id, files.creator_id AS files_creator_id, files.client_id AS files_client_id, files.template_id AS files_template_id, files.name AS files_name, files.unique_name AS files_unique_name, files.path AS files_path, files.size AS files_size, files.mime_type AS files_mime_type, files.id AS files_id, files.created_at AS files_created_at, files.updated_at AS files_updated_at 
FROM files 
WHERE files.project_id IN ($1::INTEGER)
2026-05-25 14:20:51,805 [INFO] sqlalchemy.engine.Engine: [cached since 152.8s ago] (2,)
2026-05-25 14:20:51,807 [INFO] sqlalchemy.engine.Engine: SELECT clients.id AS clients_id, clients.manager_id AS clients_manager_id, clients.name AS clients_name, clients.email AS clients_email, clients.telephone AS clients_telephone, clients.is_archived AS clients_is_archived, clients.created_at AS clients_created_at, clients.updated_at AS clients_updated_at 
FROM clients 
WHERE clients.id IN ($1::INTEGER)
2026-05-25 14:20:51,807 [INFO] sqlalchemy.engine.Engine: [cached since 152.7s ago] (2,)
2026-05-25 14:20:51,810 [INFO] sqlalchemy.engine.Engine: SELECT companies.id AS companies_id, companies.client_id AS companies_client_id, companies.name AS companies_name, companies.inn AS companies_inn, companies.is_archived AS companies_is_archived, companies.created_at AS companies_created_at, companies.updated_at AS companies_updated_at 
FROM companies 
WHERE companies.id IN ($1::INTEGER)
2026-05-25 14:20:51,810 [INFO] sqlalchemy.engine.Engine: [cached since 152.7s ago] (2,)
2026-05-25 14:20:51,813 [INFO] sqlalchemy.engine.Engine: SELECT users.id AS users_id, users.branch_id AS users_branch_id, users.name AS users_name, users.surname AS users_surname, users.position AS users_position, users.email AS users_email, users.password_hash AS users_password_hash, users.is_active AS users_is_active, users.must_change_password AS users_must_change_password, users.created_at AS users_created_at, users.updated_at AS users_updated_at 
FROM users 
WHERE users.id IN ($1::INTEGER)
2026-05-25 14:20:51,813 [INFO] sqlalchemy.engine.Engine: [cached since 152.7s ago] (13,)
2026-05-25 14:20:51,816 [INFO] sqlalchemy.engine.Engine: SELECT count(*) AS count_1 
FROM (SELECT DISTINCT files.creator_id AS creator_id, files.client_id AS client_id, files.project_id AS project_id, files.template_id AS template_id, files.name AS name, files.unique_name AS unique_name, files.path AS path, files.size AS size, files.mime_type AS mime_type, files.id AS id, files.created_at AS created_at, files.updated_at AS updated_at 
FROM files 
WHERE files.project_id = $1::INTEGER ORDER BY files.created_at DESC, files.id DESC) AS anon_1
2026-05-25 14:20:51,816 [INFO] sqlalchemy.engine.Engine: [cached since 152.7s ago] (2,)
2026-05-25 14:20:51,818 [INFO] sqlalchemy.engine.Engine: SELECT files.creator_id, files.client_id, files.project_id, files.template_id, files.name, files.unique_name, files.path, files.size, files.mime_type, files.id, files.created_at, files.updated_at 
FROM files 
WHERE files.project_id = $1::INTEGER ORDER BY files.created_at DESC, files.id DESC 
 LIMIT $2::INTEGER OFFSET $3::INTEGER
2026-05-25 14:20:51,818 [INFO] sqlalchemy.engine.Engine: [cached since 152.7s ago] (2, 20, 0)
2026-05-25 14:20:51,820 [INFO] app.middleware: GET /project/2/files - 200 - 0.032 sec
2026-05-25 14:20:51,821 [INFO] sqlalchemy.engine.Engine: COMMIT
2026-05-25 14:21:01,926 [INFO] sqlalchemy.engine.Engine: BEGIN (implicit)
2026-05-25 14:21:01,934 [INFO] sqlalchemy.engine.Engine: SELECT files.creator_id, files.client_id, files.project_id, files.template_id, files.name, files.unique_name, files.path, files.size, files.mime_type, files.id, files.created_at, files.updated_at 
FROM files 
WHERE files.id = $1::INTEGER
2026-05-25 14:21:01,937 [INFO] sqlalchemy.engine.Engine: [generated in 0.00337s] (1,)
2026-05-25 14:21:01,944 [INFO] sqlalchemy.engine.Engine: SELECT users.id AS users_id, users.branch_id AS users_branch_id, users.name AS users_name, users.surname AS users_surname, users.position AS users_position, users.email AS users_email, users.password_hash AS users_password_hash, users.is_active AS users_is_active, users.must_change_password AS users_must_change_password, users.created_at AS users_created_at, users.updated_at AS users_updated_at 
FROM users 
WHERE users.id IN ($1::INTEGER)
2026-05-25 14:21:01,945 [INFO] sqlalchemy.engine.Engine: [generated in 0.00096s] (7,)
2026-05-25 14:21:01,950 [INFO] sqlalchemy.engine.Engine: SELECT projects.id AS projects_id, projects.client_id AS projects_client_id, projects.contract_id AS projects_contract_id, projects.name AS projects_name, projects.description AS projects_description, projects.start_date AS projects_start_date, projects.end_date AS projects_end_date, projects.is_archived AS projects_is_archived, projects.created_at AS projects_created_at, projects.updated_at AS projects_updated_at 
FROM projects 
WHERE projects.id IN ($1::INTEGER)
2026-05-25 14:21:01,950 [INFO] sqlalchemy.engine.Engine: [generated in 0.00124s] (1,)
2026-05-25 14:21:01,956 [INFO] sqlalchemy.engine.Engine: SELECT projects.client_id, projects.contract_id, projects.name, projects.description, projects.start_date, projects.end_date, projects.is_archived, projects.id, projects.created_at, projects.updated_at 
FROM projects JOIN clients ON clients.id = projects.client_id 
WHERE projects.id = $1::INTEGER
2026-05-25 14:21:01,958 [INFO] sqlalchemy.engine.Engine: [cached since 163.3s ago] (1,)
2026-05-25 14:21:01,962 [INFO] sqlalchemy.engine.Engine: SELECT contracts.id AS contracts_id, contracts.branch_id AS contracts_branch_id, contracts.company_id AS contracts_company_id, contracts.status AS contracts_status, contracts.description AS contracts_description, contracts.number AS contracts_number, contracts.name AS contracts_name, contracts.valid_from AS contracts_valid_from, contracts.valid_to AS contracts_valid_to, contracts.is_archived AS contracts_is_archived, contracts.created_at AS contracts_created_at, contracts.updated_at AS contracts_updated_at 
FROM contracts 
WHERE contracts.id IN ($1::INTEGER)
2026-05-25 14:21:01,962 [INFO] sqlalchemy.engine.Engine: [cached since 163.2s ago] (1,)
2026-05-25 14:21:01,965 [INFO] sqlalchemy.engine.Engine: SELECT stages.project_id AS stages_project_id, stages.name AS stages_name, stages.position AS stages_position, stages.description AS stages_description, stages.start_date AS stages_start_date, stages.end_date AS stages_end_date, stages.is_archived AS stages_is_archived, stages.id AS stages_id, stages.created_at AS stages_created_at, stages.updated_at AS stages_updated_at 
FROM stages 
WHERE stages.project_id IN ($1::INTEGER) ORDER BY stages.position
2026-05-25 14:21:01,966 [INFO] sqlalchemy.engine.Engine: [cached since 163.1s ago] (1,)
2026-05-25 14:21:01,969 [INFO] sqlalchemy.engine.Engine: SELECT files.project_id AS files_project_id, files.creator_id AS files_creator_id, files.client_id AS files_client_id, files.template_id AS files_template_id, files.name AS files_name, files.unique_name AS files_unique_name, files.path AS files_path, files.size AS files_size, files.mime_type AS files_mime_type, files.id AS files_id, files.created_at AS files_created_at, files.updated_at AS files_updated_at 
FROM files 
WHERE files.project_id IN ($1::INTEGER)
2026-05-25 14:21:01,971 [INFO] sqlalchemy.engine.Engine: [cached since 162.9s ago] (1,)
2026-05-25 14:21:01,974 [INFO] sqlalchemy.engine.Engine: SELECT clients.id AS clients_id, clients.manager_id AS clients_manager_id, clients.name AS clients_name, clients.email AS clients_email, clients.telephone AS clients_telephone, clients.is_archived AS clients_is_archived, clients.created_at AS clients_created_at, clients.updated_at AS clients_updated_at 
FROM clients 
WHERE clients.id IN ($1::INTEGER)
2026-05-25 14:21:01,975 [INFO] sqlalchemy.engine.Engine: [cached since 162.9s ago] (1,)
2026-05-25 14:21:01,978 [INFO] sqlalchemy.engine.Engine: SELECT companies.id AS companies_id, companies.client_id AS companies_client_id, companies.name AS companies_name, companies.inn AS companies_inn, companies.is_archived AS companies_is_archived, companies.created_at AS companies_created_at, companies.updated_at AS companies_updated_at 
FROM companies 
WHERE companies.id IN ($1::INTEGER)
2026-05-25 14:21:01,979 [INFO] sqlalchemy.engine.Engine: [cached since 162.9s ago] (1,)
2026-05-25 14:21:01,982 [INFO] sqlalchemy.engine.Engine: SELECT users.id AS users_id, users.branch_id AS users_branch_id, users.name AS users_name, users.surname AS users_surname, users.position AS users_position, users.email AS users_email, users.password_hash AS users_password_hash, users.is_active AS users_is_active, users.must_change_password AS users_must_change_password, users.created_at AS users_created_at, users.updated_at AS users_updated_at 
FROM users 
WHERE users.id IN ($1::INTEGER)
2026-05-25 14:21:01,983 [INFO] sqlalchemy.engine.Engine: [cached since 162.9s ago] (7,)
2026-05-25 14:21:01,987 [INFO] app.middleware: DELETE /files/1 - 200 - 0.064 sec
2026-05-25 14:21:01,996 [INFO] sqlalchemy.engine.Engine: SELECT generated_documents.creator_id AS generated_documents_creator_id, generated_documents.template_id AS generated_documents_template_id, generated_documents.file_id AS generated_documents_file_id, generated_documents.id AS generated_documents_id, generated_documents.created_at AS generated_documents_created_at, generated_documents.updated_at AS generated_documents_updated_at 
FROM generated_documents 
WHERE $1::INTEGER = generated_documents.file_id
2026-05-25 14:21:01,997 [INFO] sqlalchemy.engine.Engine: [generated in 0.00131s] (1,)
2026-05-25 14:21:02,020 [INFO] sqlalchemy.engine.Engine: DELETE FROM files WHERE files.id = $1::INTEGER
2026-05-25 14:21:02,022 [INFO] sqlalchemy.engine.Engine: [generated in 0.00168s] (1,)
2026-05-25 14:21:02,027 [INFO] sqlalchemy.engine.Engine: COMMIT
2026-05-25 14:21:09,870 [DEBUG] python_multipart.multipart: Calling on_part_begin with no data
2026-05-25 14:21:09,871 [DEBUG] python_multipart.multipart: Calling on_header_field with data[54:73]
2026-05-25 14:21:09,872 [DEBUG] python_multipart.multipart: Calling on_header_value with data[75:127]
2026-05-25 14:21:09,872 [DEBUG] python_multipart.multipart: Calling on_header_end with no data
2026-05-25 14:21:09,872 [DEBUG] python_multipart.multipart: Calling on_header_field with data[129:141]
2026-05-25 14:21:09,873 [DEBUG] python_multipart.multipart: Calling on_header_value with data[143:214]
2026-05-25 14:21:09,873 [DEBUG] python_multipart.multipart: Calling on_header_end with no data
2026-05-25 14:21:09,873 [DEBUG] python_multipart.multipart: Calling on_headers_finished with no data
2026-05-25 14:21:09,874 [DEBUG] python_multipart.multipart: Calling on_part_data with data[218:13206]
2026-05-25 14:21:09,875 [DEBUG] python_multipart.multipart: Calling on_part_end with no data
2026-05-25 14:21:09,875 [DEBUG] python_multipart.multipart: Calling on_part_begin with no data
2026-05-25 14:21:09,876 [DEBUG] python_multipart.multipart: Calling on_header_field with data[56:75]
2026-05-25 14:21:09,876 [DEBUG] python_multipart.multipart: Calling on_header_value with data[77:224]
2026-05-25 14:21:09,876 [DEBUG] python_multipart.multipart: Calling on_header_end with no data
2026-05-25 14:21:09,876 [DEBUG] python_multipart.multipart: Calling on_header_field with data[226:238]
2026-05-25 14:21:09,876 [DEBUG] python_multipart.multipart: Calling on_header_value with data[240:255]
2026-05-25 14:21:09,876 [DEBUG] python_multipart.multipart: Calling on_header_end with no data
2026-05-25 14:21:09,876 [DEBUG] python_multipart.multipart: Calling on_headers_finished with no data
2026-05-25 14:21:09,877 [DEBUG] python_multipart.multipart: Calling on_part_data with data[259:131331]
2026-05-25 14:21:09,878 [DEBUG] python_multipart.multipart: Calling on_part_data with data[0:83546]
2026-05-25 14:21:09,878 [DEBUG] python_multipart.multipart: Calling on_part_end with no data
2026-05-25 14:21:09,878 [DEBUG] python_multipart.multipart: Calling on_end with no data
2026-05-25 14:21:09,880 [INFO] sqlalchemy.engine.Engine: BEGIN (implicit)
2026-05-25 14:21:09,882 [INFO] sqlalchemy.engine.Engine: SELECT projects.client_id, projects.contract_id, projects.name, projects.description, projects.start_date, projects.end_date, projects.is_archived, projects.id, projects.created_at, projects.updated_at 
FROM projects JOIN clients ON clients.id = projects.client_id 
WHERE projects.id = $1::INTEGER
2026-05-25 14:21:09,884 [INFO] sqlalchemy.engine.Engine: [cached since 171.2s ago] (1,)
2026-05-25 14:21:09,889 [INFO] sqlalchemy.engine.Engine: SELECT contracts.id AS contracts_id, contracts.branch_id AS contracts_branch_id, contracts.company_id AS contracts_company_id, contracts.status AS contracts_status, contracts.description AS contracts_description, contracts.number AS contracts_number, contracts.name AS contracts_name, contracts.valid_from AS contracts_valid_from, contracts.valid_to AS contracts_valid_to, contracts.is_archived AS contracts_is_archived, contracts.created_at AS contracts_created_at, contracts.updated_at AS contracts_updated_at 
FROM contracts 
WHERE contracts.id IN ($1::INTEGER)
2026-05-25 14:21:09,890 [INFO] sqlalchemy.engine.Engine: [cached since 171.2s ago] (1,)
2026-05-25 14:21:09,895 [INFO] sqlalchemy.engine.Engine: SELECT stages.project_id AS stages_project_id, stages.name AS stages_name, stages.position AS stages_position, stages.description AS stages_description, stages.start_date AS stages_start_date, stages.end_date AS stages_end_date, stages.is_archived AS stages_is_archived, stages.id AS stages_id, stages.created_at AS stages_created_at, stages.updated_at AS stages_updated_at 
FROM stages 
WHERE stages.project_id IN ($1::INTEGER) ORDER BY stages.position
2026-05-25 14:21:09,896 [INFO] sqlalchemy.engine.Engine: [cached since 171s ago] (1,)
2026-05-25 14:21:09,903 [INFO] sqlalchemy.engine.Engine: SELECT files.project_id AS files_project_id, files.creator_id AS files_creator_id, files.client_id AS files_client_id, files.template_id AS files_template_id, files.name AS files_name, files.unique_name AS files_unique_name, files.path AS files_path, files.size AS files_size, files.mime_type AS files_mime_type, files.id AS files_id, files.created_at AS files_created_at, files.updated_at AS files_updated_at 
FROM files 
WHERE files.project_id IN ($1::INTEGER)
2026-05-25 14:21:09,905 [INFO] sqlalchemy.engine.Engine: [cached since 170.9s ago] (1,)
2026-05-25 14:21:09,910 [INFO] sqlalchemy.engine.Engine: SELECT clients.id AS clients_id, clients.manager_id AS clients_manager_id, clients.name AS clients_name, clients.email AS clients_email, clients.telephone AS clients_telephone, clients.is_archived AS clients_is_archived, clients.created_at AS clients_created_at, clients.updated_at AS clients_updated_at 
FROM clients 
WHERE clients.id IN ($1::INTEGER)
2026-05-25 14:21:09,913 [INFO] sqlalchemy.engine.Engine: [cached since 170.8s ago] (1,)
2026-05-25 14:21:09,918 [INFO] sqlalchemy.engine.Engine: SELECT companies.id AS companies_id, companies.client_id AS companies_client_id, companies.name AS companies_name, companies.inn AS companies_inn, companies.is_archived AS companies_is_archived, companies.created_at AS companies_created_at, companies.updated_at AS companies_updated_at 
FROM companies 
WHERE companies.id IN ($1::INTEGER)
2026-05-25 14:21:09,922 [INFO] sqlalchemy.engine.Engine: [cached since 170.8s ago] (1,)
2026-05-25 14:21:09,927 [INFO] sqlalchemy.engine.Engine: SELECT users.id AS users_id, users.branch_id AS users_branch_id, users.name AS users_name, users.surname AS users_surname, users.position AS users_position, users.email AS users_email, users.password_hash AS users_password_hash, users.is_active AS users_is_active, users.must_change_password AS users_must_change_password, users.created_at AS users_created_at, users.updated_at AS users_updated_at 
FROM users 
WHERE users.id IN ($1::INTEGER)
2026-05-25 14:21:09,929 [INFO] sqlalchemy.engine.Engine: [cached since 170.8s ago] (7,)
2026-05-25 14:21:09,946 [INFO] sqlalchemy.engine.Engine: INSERT INTO files (creator_id, client_id, project_id, template_id, name, unique_name, path, size, mime_type, created_at, updated_at) VALUES ($1::INTEGER, $2::INTEGER, $3::INTEGER, $4::INTEGER, $5::VARCHAR, $6::VARCHAR, $7::VARCHAR, $8::BIGINT, $9::VARCHAR, $10::TIMESTAMP WITHOUT TIME ZONE, $11::TIMESTAMP WITHOUT TIME ZONE) RETURNING files.id
2026-05-25 14:21:09,950 [INFO] sqlalchemy.engine.Engine: [cached since 96.26s ago] (7, None, None, None, 'kazan plans.docx', 'cd3dd082f34a48febdaf983f36e8e6.docx', './uploads\\cd3dd082f34a48febdaf983f36e8e6.docx', 12988, 'application/vnd.openxmlformats-officedocument.wordprocessingml.document', datetime.datetime(2026, 5, 25, 11, 21, 9, 946687), datetime.datetime(2026, 5, 25, 11, 21, 9, 946704))
2026-05-25 14:21:09,964 [INFO] sqlalchemy.engine.Engine: UPDATE files SET project_id=$1::INTEGER, updated_at=$2::TIMESTAMP WITHOUT TIME ZONE WHERE files.id = $3::INTEGER
2026-05-25 14:21:09,968 [INFO] sqlalchemy.engine.Engine: [cached since 96.25s ago] (1, datetime.datetime(2026, 5, 25, 11, 21, 9, 964184), 4)
2026-05-25 14:21:09,972 [INFO] sqlalchemy.engine.Engine: INSERT INTO files (creator_id, client_id, project_id, template_id, name, unique_name, path, size, mime_type, created_at, updated_at) VALUES ($1::INTEGER, $2::INTEGER, $3::INTEGER, $4::INTEGER, $5::VARCHAR, $6::VARCHAR, $7::VARCHAR, $8::BIGINT, $9::VARCHAR, $10::TIMESTAMP WITHOUT TIME ZONE, $11::TIMESTAMP WITHOUT TIME ZONE) RETURNING files.id
2026-05-25 14:21:10,020 [INFO] app.middleware: POST /project/1/files - 200 - 0.152 sec
2026-05-25 14:21:10,023 [INFO] sqlalchemy.engine.Engine: UPDATE files SET project_id=$1::INTEGER, updated_at=$2::TIMESTAMP WITHOUT TIME ZONE WHERE files.id = $3::INTEGER
2026-05-25 14:21:10,028 [INFO] sqlalchemy.engine.Engine: [cached since 96.31s ago] (1, datetime.datetime(2026, 5, 25, 11, 21, 10, 23682), 5)
2026-05-25 14:21:10,036 [INFO] sqlalchemy.engine.Engine: COMMIT
2026-05-25 14:21:28,870 [INFO] sqlalchemy.engine.Engine: BEGIN (implicit)
2026-05-25 14:21:28,872 [INFO] sqlalchemy.engine.Engine: SELECT projects.client_id, projects.contract_id, projects.name, projects.description, projects.start_date, projects.end_date, projects.is_archived, projects.id, projects.created_at, projects.updated_at 
FROM projects JOIN clients ON clients.id = projects.client_id 
WHERE projects.id = $1::INTEGER
2026-05-25 14:21:28,872 [INFO] sqlalchemy.engine.Engine: [cached since 190.2s ago] (1,)
2026-05-25 14:21:28,877 [INFO] sqlalchemy.engine.Engine: SELECT contracts.id AS contracts_id, contracts.branch_id AS contracts_branch_id, contracts.company_id AS contracts_company_id, contracts.status AS contracts_status, contracts.description AS contracts_description, contracts.number AS contracts_number, contracts.name AS contracts_name, contracts.valid_from AS contracts_valid_from, contracts.valid_to AS contracts_valid_to, contracts.is_archived AS contracts_is_archived, contracts.created_at AS contracts_created_at, contracts.updated_at AS contracts_updated_at 
FROM contracts 
WHERE contracts.id IN ($1::INTEGER)
2026-05-25 14:21:28,878 [INFO] sqlalchemy.engine.Engine: [cached since 190.2s ago] (1,)
2026-05-25 14:21:28,898 [INFO] sqlalchemy.engine.Engine: SELECT stages.project_id AS stages_project_id, stages.name AS stages_name, stages.position AS stages_position, stages.description AS stages_description, stages.start_date AS stages_start_date, stages.end_date AS stages_end_date, stages.is_archived AS stages_is_archived, stages.id AS stages_id, stages.created_at AS stages_created_at, stages.updated_at AS stages_updated_at 
FROM stages 
WHERE stages.project_id IN ($1::INTEGER) ORDER BY stages.position
2026-05-25 14:21:28,901 [INFO] sqlalchemy.engine.Engine: [cached since 190s ago] (1,)
2026-05-25 14:21:28,909 [INFO] sqlalchemy.engine.Engine: SELECT files.project_id AS files_project_id, files.creator_id AS files_creator_id, files.client_id AS files_client_id, files.template_id AS files_template_id, files.name AS files_name, files.unique_name AS files_unique_name, files.path AS files_path, files.size AS files_size, files.mime_type AS files_mime_type, files.id AS files_id, files.created_at AS files_created_at, files.updated_at AS files_updated_at 
FROM files 
WHERE files.project_id IN ($1::INTEGER)
2026-05-25 14:21:28,910 [INFO] sqlalchemy.engine.Engine: [cached since 189.9s ago] (1,)
2026-05-25 14:21:28,917 [INFO] sqlalchemy.engine.Engine: SELECT clients.id AS clients_id, clients.manager_id AS clients_manager_id, clients.name AS clients_name, clients.email AS clients_email, clients.telephone AS clients_telephone, clients.is_archived AS clients_is_archived, clients.created_at AS clients_created_at, clients.updated_at AS clients_updated_at 
FROM clients 
WHERE clients.id IN ($1::INTEGER)
2026-05-25 14:21:28,924 [INFO] sqlalchemy.engine.Engine: [cached since 189.8s ago] (1,)
2026-05-25 14:21:28,931 [INFO] sqlalchemy.engine.Engine: SELECT companies.id AS companies_id, companies.client_id AS companies_client_id, companies.name AS companies_name, companies.inn AS companies_inn, companies.is_archived AS companies_is_archived, companies.created_at AS companies_created_at, companies.updated_at AS companies_updated_at 
FROM companies 
WHERE companies.id IN ($1::INTEGER)
2026-05-25 14:21:28,932 [INFO] sqlalchemy.engine.Engine: [cached since 189.8s ago] (1,)
2026-05-25 14:21:28,936 [INFO] sqlalchemy.engine.Engine: SELECT users.id AS users_id, users.branch_id AS users_branch_id, users.name AS users_name, users.surname AS users_surname, users.position AS users_position, users.email AS users_email, users.password_hash AS users_password_hash, users.is_active AS users_is_active, users.must_change_password AS users_must_change_password, users.created_at AS users_created_at, users.updated_at AS users_updated_at 
FROM users 
WHERE users.id IN ($1::INTEGER)
2026-05-25 14:21:28,938 [INFO] sqlalchemy.engine.Engine: [cached since 189.8s ago] (7,)
2026-05-25 14:21:28,944 [INFO] sqlalchemy.engine.Engine: SELECT count(*) AS count_1 
FROM (SELECT DISTINCT files.creator_id AS creator_id, files.client_id AS client_id, files.project_id AS project_id, files.template_id AS template_id, files.name AS name, files.unique_name AS unique_name, files.path AS path, files.size AS size, files.mime_type AS mime_type, files.id AS id, files.created_at AS created_at, files.updated_at AS updated_at 
FROM files 
WHERE files.project_id = $1::INTEGER ORDER BY files.created_at DESC, files.id DESC) AS anon_1
2026-05-25 14:21:28,944 [INFO] sqlalchemy.engine.Engine: [cached since 189.8s ago] (1,)
2026-05-25 14:21:28,948 [INFO] sqlalchemy.engine.Engine: SELECT files.creator_id, files.client_id, files.project_id, files.template_id, files.name, files.unique_name, files.path, files.size, files.mime_type, files.id, files.created_at, files.updated_at 
FROM files 
WHERE files.project_id = $1::INTEGER ORDER BY files.created_at DESC, files.id DESC 
 LIMIT $2::INTEGER OFFSET $3::INTEGER
2026-05-25 14:21:28,949 [INFO] sqlalchemy.engine.Engine: [cached since 189.8s ago] (1, 20, 0)
2026-05-25 14:21:28,952 [INFO] app.middleware: GET /project/1/files - 200 - 0.085 sec
2026-05-25 14:21:28,954 [INFO] sqlalchemy.engine.Engine: COMMIT
2026-05-25 14:21:45,820 [INFO] sqlalchemy.engine.Engine: BEGIN (implicit)
2026-05-25 14:21:45,821 [INFO] sqlalchemy.engine.Engine: SELECT files.creator_id, files.client_id, files.project_id, files.template_id, files.name, files.unique_name, files.path, files.size, files.mime_type, files.id, files.created_at, files.updated_at 
FROM files 
WHERE files.id = $1::INTEGER
2026-05-25 14:21:45,822 [INFO] sqlalchemy.engine.Engine: [cached since 43.89s ago] (4,)
2026-05-25 14:21:45,824 [INFO] sqlalchemy.engine.Engine: SELECT users.id AS users_id, users.branch_id AS users_branch_id, users.name AS users_name, users.surname AS users_surname, users.position AS users_position, users.email AS users_email, users.password_hash AS users_password_hash, users.is_active AS users_is_active, users.must_change_password AS users_must_change_password, users.created_at AS users_created_at, users.updated_at AS users_updated_at 
FROM users 
WHERE users.id IN ($1::INTEGER)
2026-05-25 14:21:45,838 [INFO] sqlalchemy.engine.Engine: [cached since 43.89s ago] (7,)
2026-05-25 14:21:45,842 [INFO] sqlalchemy.engine.Engine: SELECT projects.id AS projects_id, projects.client_id AS projects_client_id, projects.contract_id AS projects_contract_id, projects.name AS projects_name, projects.description AS projects_description, projects.start_date AS projects_start_date, projects.end_date AS projects_end_date, projects.is_archived AS projects_is_archived, projects.created_at AS projects_created_at, projects.updated_at AS projects_updated_at 
FROM projects 
WHERE projects.id IN ($1::INTEGER)
2026-05-25 14:21:45,843 [INFO] sqlalchemy.engine.Engine: [cached since 43.89s ago] (1,)
2026-05-25 14:21:45,851 [INFO] sqlalchemy.engine.Engine: SELECT projects.client_id, projects.contract_id, projects.name, projects.description, projects.start_date, projects.end_date, projects.is_archived, projects.id, projects.created_at, projects.updated_at 
FROM projects JOIN clients ON clients.id = projects.client_id 
WHERE projects.id = $1::INTEGER
2026-05-25 14:21:45,852 [INFO] sqlalchemy.engine.Engine: [cached since 207.2s ago] (1,)
2026-05-25 14:21:45,856 [INFO] sqlalchemy.engine.Engine: SELECT contracts.id AS contracts_id, contracts.branch_id AS contracts_branch_id, contracts.company_id AS contracts_company_id, contracts.status AS contracts_status, contracts.description AS contracts_description, contracts.number AS contracts_number, contracts.name AS contracts_name, contracts.valid_from AS contracts_valid_from, contracts.valid_to AS contracts_valid_to, contracts.is_archived AS contracts_is_archived, contracts.created_at AS contracts_created_at, contracts.updated_at AS contracts_updated_at 
FROM contracts 
WHERE contracts.id IN ($1::INTEGER)
2026-05-25 14:21:45,859 [INFO] sqlalchemy.engine.Engine: [cached since 207.1s ago] (1,)
2026-05-25 14:21:45,864 [INFO] sqlalchemy.engine.Engine: SELECT stages.project_id AS stages_project_id, stages.name AS stages_name, stages.position AS stages_position, stages.description AS stages_description, stages.start_date AS stages_start_date, stages.end_date AS stages_end_date, stages.is_archived AS stages_is_archived, stages.id AS stages_id, stages.created_at AS stages_created_at, stages.updated_at AS stages_updated_at 
FROM stages 
WHERE stages.project_id IN ($1::INTEGER) ORDER BY stages.position
2026-05-25 14:21:45,865 [INFO] sqlalchemy.engine.Engine: [cached since 207s ago] (1,)
2026-05-25 14:21:45,869 [INFO] sqlalchemy.engine.Engine: SELECT files.project_id AS files_project_id, files.creator_id AS files_creator_id, files.client_id AS files_client_id, files.template_id AS files_template_id, files.name AS files_name, files.unique_name AS files_unique_name, files.path AS files_path, files.size AS files_size, files.mime_type AS files_mime_type, files.id AS files_id, files.created_at AS files_created_at, files.updated_at AS files_updated_at 
FROM files 
WHERE files.project_id IN ($1::INTEGER)
2026-05-25 14:21:45,870 [INFO] sqlalchemy.engine.Engine: [cached since 206.8s ago] (1,)
2026-05-25 14:21:45,875 [INFO] sqlalchemy.engine.Engine: SELECT clients.id AS clients_id, clients.manager_id AS clients_manager_id, clients.name AS clients_name, clients.email AS clients_email, clients.telephone AS clients_telephone, clients.is_archived AS clients_is_archived, clients.created_at AS clients_created_at, clients.updated_at AS clients_updated_at 
FROM clients 
WHERE clients.id IN ($1::INTEGER)
2026-05-25 14:21:45,876 [INFO] sqlalchemy.engine.Engine: [cached since 206.8s ago] (1,)
2026-05-25 14:21:45,881 [INFO] sqlalchemy.engine.Engine: SELECT companies.id AS companies_id, companies.client_id AS companies_client_id, companies.name AS companies_name, companies.inn AS companies_inn, companies.is_archived AS companies_is_archived, companies.created_at AS companies_created_at, companies.updated_at AS companies_updated_at 
FROM companies 
WHERE companies.id IN ($1::INTEGER)
2026-05-25 14:21:45,882 [INFO] sqlalchemy.engine.Engine: [cached since 206.8s ago] (1,)
2026-05-25 14:21:45,886 [INFO] sqlalchemy.engine.Engine: SELECT users.id AS users_id, users.branch_id AS users_branch_id, users.name AS users_name, users.surname AS users_surname, users.position AS users_position, users.email AS users_email, users.password_hash AS users_password_hash, users.is_active AS users_is_active, users.must_change_password AS users_must_change_password, users.created_at AS users_created_at, users.updated_at AS users_updated_at 
FROM users 
WHERE users.id IN ($1::INTEGER)
2026-05-25 14:21:45,888 [INFO] sqlalchemy.engine.Engine: [cached since 206.8s ago] (7,)
2026-05-25 14:21:45,895 [INFO] app.middleware: DELETE /files/4 - 200 - 0.076 sec
2026-05-25 14:21:45,899 [INFO] sqlalchemy.engine.Engine: SELECT generated_documents.creator_id AS generated_documents_creator_id, generated_documents.template_id AS generated_documents_template_id, generated_documents.file_id AS generated_documents_file_id, generated_documents.id AS generated_documents_id, generated_documents.created_at AS generated_documents_created_at, generated_documents.updated_at AS generated_documents_updated_at 
FROM generated_documents 
WHERE $1::INTEGER = generated_documents.file_id
2026-05-25 14:21:45,901 [INFO] sqlalchemy.engine.Engine: [cached since 43.9s ago] (4,)
2026-05-25 14:21:45,904 [INFO] sqlalchemy.engine.Engine: DELETE FROM files WHERE files.id = $1::INTEGER
2026-05-25 14:21:45,905 [INFO] sqlalchemy.engine.Engine: [cached since 43.88s ago] (4,)
2026-05-25 14:21:45,910 [INFO] sqlalchemy.engine.Engine: COMMIT
2026-05-25 14:21:49,323 [INFO] sqlalchemy.engine.Engine: BEGIN (implicit)
2026-05-25 14:21:49,324 [INFO] sqlalchemy.engine.Engine: SELECT projects.client_id, projects.contract_id, projects.name, projects.description, projects.start_date, projects.end_date, projects.is_archived, projects.id, projects.created_at, projects.updated_at 
FROM projects JOIN clients ON clients.id = projects.client_id 
WHERE projects.id = $1::INTEGER
2026-05-25 14:21:49,325 [INFO] sqlalchemy.engine.Engine: [cached since 210.6s ago] (1,)
2026-05-25 14:21:49,329 [INFO] sqlalchemy.engine.Engine: SELECT contracts.id AS contracts_id, contracts.branch_id AS contracts_branch_id, contracts.company_id AS contracts_company_id, contracts.status AS contracts_status, contracts.description AS contracts_description, contracts.number AS contracts_number, contracts.name AS contracts_name, contracts.valid_from AS contracts_valid_from, contracts.valid_to AS contracts_valid_to, contracts.is_archived AS contracts_is_archived, contracts.created_at AS contracts_created_at, contracts.updated_at AS contracts_updated_at 
FROM contracts 
WHERE contracts.id IN ($1::INTEGER)
2026-05-25 14:21:49,329 [INFO] sqlalchemy.engine.Engine: [cached since 210.6s ago] (1,)
2026-05-25 14:21:49,332 [INFO] sqlalchemy.engine.Engine: SELECT stages.project_id AS stages_project_id, stages.name AS stages_name, stages.position AS stages_position, stages.description AS stages_description, stages.start_date AS stages_start_date, stages.end_date AS stages_end_date, stages.is_archived AS stages_is_archived, stages.id AS stages_id, stages.created_at AS stages_created_at, stages.updated_at AS stages_updated_at 
FROM stages 
WHERE stages.project_id IN ($1::INTEGER) ORDER BY stages.position
2026-05-25 14:21:49,333 [INFO] sqlalchemy.engine.Engine: [cached since 210.5s ago] (1,)
2026-05-25 14:21:49,336 [INFO] sqlalchemy.engine.Engine: SELECT files.project_id AS files_project_id, files.creator_id AS files_creator_id, files.client_id AS files_client_id, files.template_id AS files_template_id, files.name AS files_name, files.unique_name AS files_unique_name, files.path AS files_path, files.size AS files_size, files.mime_type AS files_mime_type, files.id AS files_id, files.created_at AS files_created_at, files.updated_at AS files_updated_at 
FROM files 
WHERE files.project_id IN ($1::INTEGER)
2026-05-25 14:21:49,337 [INFO] sqlalchemy.engine.Engine: [cached since 210.3s ago] (1,)
2026-05-25 14:21:49,341 [INFO] sqlalchemy.engine.Engine: SELECT clients.id AS clients_id, clients.manager_id AS clients_manager_id, clients.name AS clients_name, clients.email AS clients_email, clients.telephone AS clients_telephone, clients.is_archived AS clients_is_archived, clients.created_at AS clients_created_at, clients.updated_at AS clients_updated_at 
FROM clients 
WHERE clients.id IN ($1::INTEGER)
2026-05-25 14:21:49,342 [INFO] sqlalchemy.engine.Engine: [cached since 210.3s ago] (1,)
2026-05-25 14:21:49,346 [INFO] sqlalchemy.engine.Engine: SELECT companies.id AS companies_id, companies.client_id AS companies_client_id, companies.name AS companies_name, companies.inn AS companies_inn, companies.is_archived AS companies_is_archived, companies.created_at AS companies_created_at, companies.updated_at AS companies_updated_at 
FROM companies 
WHERE companies.id IN ($1::INTEGER)
2026-05-25 14:21:49,348 [INFO] sqlalchemy.engine.Engine: [cached since 210.3s ago] (1,)
2026-05-25 14:21:49,350 [INFO] sqlalchemy.engine.Engine: SELECT users.id AS users_id, users.branch_id AS users_branch_id, users.name AS users_name, users.surname AS users_surname, users.position AS users_position, users.email AS users_email, users.password_hash AS users_password_hash, users.is_active AS users_is_active, users.must_change_password AS users_must_change_password, users.created_at AS users_created_at, users.updated_at AS users_updated_at 
FROM users 
WHERE users.id IN ($1::INTEGER)
2026-05-25 14:21:49,352 [INFO] sqlalchemy.engine.Engine: [cached since 210.2s ago] (7,)
2026-05-25 14:21:49,356 [INFO] sqlalchemy.engine.Engine: SELECT count(*) AS count_1 
FROM (SELECT DISTINCT files.creator_id AS creator_id, files.client_id AS client_id, files.project_id AS project_id, files.template_id AS template_id, files.name AS name, files.unique_name AS unique_name, files.path AS path, files.size AS size, files.mime_type AS mime_type, files.id AS id, files.created_at AS created_at, files.updated_at AS updated_at 
FROM files 
WHERE files.project_id = $1::INTEGER ORDER BY files.created_at DESC, files.id DESC) AS anon_1
2026-05-25 14:21:49,357 [INFO] sqlalchemy.engine.Engine: [cached since 210.2s ago] (1,)
2026-05-25 14:21:49,360 [INFO] sqlalchemy.engine.Engine: SELECT files.creator_id, files.client_id, files.project_id, files.template_id, files.name, files.unique_name, files.path, files.size, files.mime_type, files.id, files.created_at, files.updated_at 
FROM files 
WHERE files.project_id = $1::INTEGER ORDER BY files.created_at DESC, files.id DESC 
 LIMIT $2::INTEGER OFFSET $3::INTEGER
2026-05-25 14:21:49,360 [INFO] sqlalchemy.engine.Engine: [cached since 210.2s ago] (1, 20, 0)
2026-05-25 14:21:49,362 [INFO] app.middleware: GET /project/1/files - 200 - 0.042 sec
2026-05-25 14:21:49,363 [INFO] sqlalchemy.engine.Engine: COMMIT
2026-05-25 14:21:54,406 [INFO] sqlalchemy.engine.Engine: BEGIN (implicit)
2026-05-25 14:21:54,407 [INFO] sqlalchemy.engine.Engine: SELECT projects.client_id, projects.contract_id, projects.name, projects.description, projects.start_date, projects.end_date, projects.is_archived, projects.id, projects.created_at, projects.updated_at 
FROM projects JOIN clients ON clients.id = projects.client_id 
WHERE projects.id = $1::INTEGER
2026-05-25 14:21:54,408 [INFO] sqlalchemy.engine.Engine: [cached since 215.7s ago] (2,)
2026-05-25 14:21:54,411 [INFO] sqlalchemy.engine.Engine: SELECT contracts.id AS contracts_id, contracts.branch_id AS contracts_branch_id, contracts.company_id AS contracts_company_id, contracts.status AS contracts_status, contracts.description AS contracts_description, contracts.number AS contracts_number, contracts.name AS contracts_name, contracts.valid_from AS contracts_valid_from, contracts.valid_to AS contracts_valid_to, contracts.is_archived AS contracts_is_archived, contracts.created_at AS contracts_created_at, contracts.updated_at AS contracts_updated_at 
FROM contracts 
WHERE contracts.id IN ($1::INTEGER)
2026-05-25 14:21:54,412 [INFO] sqlalchemy.engine.Engine: [cached since 215.7s ago] (3,)
2026-05-25 14:21:54,417 [INFO] sqlalchemy.engine.Engine: SELECT stages.project_id AS stages_project_id, stages.name AS stages_name, stages.position AS stages_position, stages.description AS stages_description, stages.start_date AS stages_start_date, stages.end_date AS stages_end_date, stages.is_archived AS stages_is_archived, stages.id AS stages_id, stages.created_at AS stages_created_at, stages.updated_at AS stages_updated_at 
FROM stages 
WHERE stages.project_id IN ($1::INTEGER) ORDER BY stages.position
2026-05-25 14:21:54,420 [INFO] sqlalchemy.engine.Engine: [cached since 215.6s ago] (2,)
2026-05-25 14:21:54,424 [INFO] sqlalchemy.engine.Engine: SELECT files.project_id AS files_project_id, files.creator_id AS files_creator_id, files.client_id AS files_client_id, files.template_id AS files_template_id, files.name AS files_name, files.unique_name AS files_unique_name, files.path AS files_path, files.size AS files_size, files.mime_type AS files_mime_type, files.id AS files_id, files.created_at AS files_created_at, files.updated_at AS files_updated_at 
FROM files 
WHERE files.project_id IN ($1::INTEGER)
2026-05-25 14:21:54,427 [INFO] sqlalchemy.engine.Engine: [cached since 215.4s ago] (2,)
2026-05-25 14:21:54,432 [INFO] sqlalchemy.engine.Engine: SELECT clients.id AS clients_id, clients.manager_id AS clients_manager_id, clients.name AS clients_name, clients.email AS clients_email, clients.telephone AS clients_telephone, clients.is_archived AS clients_is_archived, clients.created_at AS clients_created_at, clients.updated_at AS clients_updated_at 
FROM clients 
WHERE clients.id IN ($1::INTEGER)
2026-05-25 14:21:54,436 [INFO] sqlalchemy.engine.Engine: [cached since 215.4s ago] (2,)
2026-05-25 14:21:54,440 [INFO] sqlalchemy.engine.Engine: SELECT companies.id AS companies_id, companies.client_id AS companies_client_id, companies.name AS companies_name, companies.inn AS companies_inn, companies.is_archived AS companies_is_archived, companies.created_at AS companies_created_at, companies.updated_at AS companies_updated_at 
FROM companies 
WHERE companies.id IN ($1::INTEGER)
2026-05-25 14:21:54,443 [INFO] sqlalchemy.engine.Engine: [cached since 215.3s ago] (2,)
2026-05-25 14:21:54,448 [INFO] sqlalchemy.engine.Engine: SELECT users.id AS users_id, users.branch_id AS users_branch_id, users.name AS users_name, users.surname AS users_surname, users.position AS users_position, users.email AS users_email, users.password_hash AS users_password_hash, users.is_active AS users_is_active, users.must_change_password AS users_must_change_password, users.created_at AS users_created_at, users.updated_at AS users_updated_at 
FROM users 
WHERE users.id IN ($1::INTEGER)
2026-05-25 14:21:54,449 [INFO] sqlalchemy.engine.Engine: [cached since 215.3s ago] (13,)
2026-05-25 14:21:54,453 [INFO] sqlalchemy.engine.Engine: SELECT count(*) AS count_1 
FROM (SELECT DISTINCT files.creator_id AS creator_id, files.client_id AS client_id, files.project_id AS project_id, files.template_id AS template_id, files.name AS name, files.unique_name AS unique_name, files.path AS path, files.size AS size, files.mime_type AS mime_type, files.id AS id, files.created_at AS created_at, files.updated_at AS updated_at 
FROM files 
WHERE files.project_id = $1::INTEGER ORDER BY files.created_at DESC, files.id DESC) AS anon_1
2026-05-25 14:21:54,454 [INFO] sqlalchemy.engine.Engine: [cached since 215.3s ago] (2,)
2026-05-25 14:21:54,457 [INFO] sqlalchemy.engine.Engine: SELECT files.creator_id, files.client_id, files.project_id, files.template_id, files.name, files.unique_name, files.path, files.size, files.mime_type, files.id, files.created_at, files.updated_at 
FROM files 
WHERE files.project_id = $1::INTEGER ORDER BY files.created_at DESC, files.id DESC 
 LIMIT $2::INTEGER OFFSET $3::INTEGER
2026-05-25 14:21:54,458 [INFO] sqlalchemy.engine.Engine: [cached since 215.3s ago] (2, 20, 0)
2026-05-25 14:21:54,461 [INFO] app.middleware: GET /project/2/files - 200 - 0.058 sec
2026-05-25 14:21:54,464 [INFO] sqlalchemy.engine.Engine: COMMIT
2026-05-25 14:22:16,657 [INFO] sqlalchemy.engine.Engine: BEGIN (implicit)
2026-05-25 14:22:16,661 [INFO] sqlalchemy.engine.Engine: SELECT count(*) AS count_1 
FROM (SELECT DISTINCT email_logs.status AS status, email_logs.from_email AS from_email, email_logs."to" AS "to", email_logs.cc AS cc, email_logs.bcc AS bcc, email_logs.subject AS subject, email_logs.body AS body, email_logs.files_data AS files_data, email_logs.error_message AS error_message, email_logs.sent_at AS sent_at, email_logs.user_id AS user_id, email_logs.id AS id, email_logs.created_at AS created_at, email_logs.updated_at AS updated_at 
FROM email_logs ORDER BY email_logs.created_at DESC, email_logs.id DESC) AS anon_1
2026-05-25 14:22:16,662 [INFO] sqlalchemy.engine.Engine: [generated in 0.00079s] ()
2026-05-25 14:22:16,681 [INFO] sqlalchemy.engine.Engine: SELECT email_logs.status, email_logs.from_email, email_logs."to", email_logs.cc, email_logs.bcc, email_logs.subject, email_logs.body, email_logs.files_data, email_logs.error_message, email_logs.sent_at, email_logs.user_id, email_logs.id, email_logs.created_at, email_logs.updated_at 
FROM email_logs ORDER BY email_logs.created_at DESC, email_logs.id DESC 
 LIMIT $1::INTEGER OFFSET $2::INTEGER
2026-05-25 14:22:16,682 [INFO] sqlalchemy.engine.Engine: [generated in 0.00079s] (20, 0)
2026-05-25 14:22:16,704 [INFO] app.middleware: GET /email-logs - 200 - 0.072 sec
2026-05-25 14:22:16,706 [INFO] sqlalchemy.engine.Engine: COMMIT
2026-05-25 14:23:01,149 [INFO] sqlalchemy.engine.Engine: BEGIN (implicit)
2026-05-25 14:23:01,153 [INFO] sqlalchemy.engine.Engine: SELECT count(*) AS count_1 
FROM (SELECT DISTINCT emails.server AS server, emails.port AS port, emails.login AS login, emails.password AS password, emails.creator_id AS creator_id, emails.owner_id AS owner_id, emails.id AS id, emails.created_at AS created_at, emails.updated_at AS updated_at 
FROM emails) AS anon_1
2026-05-25 14:23:01,155 [INFO] sqlalchemy.engine.Engine: [generated in 0.00200s] ()
2026-05-25 14:23:01,176 [INFO] sqlalchemy.engine.Engine: SELECT emails.server, emails.port, emails.login, emails.password, emails.creator_id, emails.owner_id, emails.id, emails.created_at, emails.updated_at 
FROM emails 
 LIMIT $1::INTEGER OFFSET $2::INTEGER
2026-05-25 14:23:01,177 [INFO] sqlalchemy.engine.Engine: [generated in 0.00177s] (20, 0)
2026-05-25 14:23:01,182 [INFO] app.middleware: GET /email-account - 200 - 0.039 sec
2026-05-25 14:23:01,184 [INFO] sqlalchemy.engine.Engine: COMMIT
2026-05-25 14:23:17,384 [INFO] sqlalchemy.engine.Engine: BEGIN (implicit)
2026-05-25 14:23:17,387 [INFO] sqlalchemy.engine.Engine: SELECT emails.server, emails.port, emails.login, emails.password, emails.creator_id, emails.owner_id, emails.id, emails.created_at, emails.updated_at 
FROM emails 
WHERE emails.id = $1::INTEGER
2026-05-25 14:23:17,388 [INFO] sqlalchemy.engine.Engine: [generated in 0.00183s] (4,)
2026-05-25 14:23:17,395 [INFO] app.middleware: GET /email-account/4 - 200 - 0.013 sec
2026-05-25 14:23:17,407 [INFO] sqlalchemy.engine.Engine: COMMIT
2026-05-25 14:24:03,886 [INFO] sqlalchemy.engine.Engine: BEGIN (implicit)
2026-05-25 14:24:03,889 [INFO] sqlalchemy.engine.Engine: SELECT count(*) AS count_1 
FROM (SELECT DISTINCT email_templates.name AS name, email_templates.subject_content AS subject_content, email_templates.body_content AS body_content, email_templates.is_public AS is_public, email_templates.creator_id AS creator_id, email_templates.id AS id, email_templates.created_at AS created_at, email_templates.updated_at AS updated_at 
FROM email_templates JOIN users ON users.id = email_templates.creator_id ORDER BY email_templates.created_at DESC, email_templates.id DESC) AS anon_1
2026-05-25 14:24:03,890 [INFO] sqlalchemy.engine.Engine: [generated in 0.00083s] ()
2026-05-25 14:24:03,920 [INFO] sqlalchemy.engine.Engine: SELECT email_templates.name, email_templates.subject_content, email_templates.body_content, email_templates.is_public, email_templates.creator_id, email_templates.id, email_templates.created_at, email_templates.updated_at 
FROM email_templates JOIN users ON users.id = email_templates.creator_id ORDER BY email_templates.created_at DESC, email_templates.id DESC 
 LIMIT $1::INTEGER OFFSET $2::INTEGER
2026-05-25 14:24:03,921 [INFO] sqlalchemy.engine.Engine: [generated in 0.00175s] (20, 0)
2026-05-25 14:24:03,929 [INFO] sqlalchemy.engine.Engine: SELECT users.id AS users_id, users.branch_id AS users_branch_id, users.name AS users_name, users.surname AS users_surname, users.position AS users_position, users.email AS users_email, users.password_hash AS users_password_hash, users.is_active AS users_is_active, users.must_change_password AS users_must_change_password, users.created_at AS users_created_at, users.updated_at AS users_updated_at 
FROM users 
WHERE users.id IN ($1::INTEGER, $2::INTEGER)
2026-05-25 14:24:03,933 [INFO] sqlalchemy.engine.Engine: [generated in 0.00397s] (7, 12)
2026-05-25 14:24:03,940 [INFO] app.middleware: GET /email-template - 200 - 0.064 sec
2026-05-25 14:24:03,946 [INFO] sqlalchemy.engine.Engine: COMMIT
2026-05-25 14:24:13,096 [INFO] sqlalchemy.engine.Engine: BEGIN (implicit)
2026-05-25 14:24:13,098 [INFO] sqlalchemy.engine.Engine: SELECT email_templates.name, email_templates.subject_content, email_templates.body_content, email_templates.is_public, email_templates.creator_id, email_templates.id, email_templates.created_at, email_templates.updated_at 
FROM email_templates 
WHERE email_templates.id = $1::INTEGER
2026-05-25 14:24:13,099 [INFO] sqlalchemy.engine.Engine: [generated in 0.00104s] (3,)
2026-05-25 14:24:13,102 [INFO] sqlalchemy.engine.Engine: SELECT users.id AS users_id, users.branch_id AS users_branch_id, users.name AS users_name, users.surname AS users_surname, users.position AS users_position, users.email AS users_email, users.password_hash AS users_password_hash, users.is_active AS users_is_active, users.must_change_password AS users_must_change_password, users.created_at AS users_created_at, users.updated_at AS users_updated_at 
FROM users 
WHERE users.id IN ($1::INTEGER)
2026-05-25 14:24:13,103 [INFO] sqlalchemy.engine.Engine: [cached since 9.174s ago] (7,)
2026-05-25 14:24:13,106 [INFO] app.middleware: GET /email-template/3 - 200 - 0.012 sec
2026-05-25 14:24:13,107 [INFO] sqlalchemy.engine.Engine: COMMIT
2026-05-25 14:25:20,265 [INFO] sqlalchemy.engine.Engine: BEGIN (implicit)
2026-05-25 14:25:20,266 [INFO] sqlalchemy.engine.Engine: SELECT email_templates.name, email_templates.subject_content, email_templates.body_content, email_templates.is_public, email_templates.creator_id, email_templates.id, email_templates.created_at, email_templates.updated_at 
FROM email_templates 
WHERE email_templates.id = $1::INTEGER
2026-05-25 14:25:20,267 [INFO] sqlalchemy.engine.Engine: [cached since 67.17s ago] (3,)
2026-05-25 14:25:20,269 [INFO] sqlalchemy.engine.Engine: SELECT users.id AS users_id, users.branch_id AS users_branch_id, users.name AS users_name, users.surname AS users_surname, users.position AS users_position, users.email AS users_email, users.password_hash AS users_password_hash, users.is_active AS users_is_active, users.must_change_password AS users_must_change_password, users.created_at AS users_created_at, users.updated_at AS users_updated_at 
FROM users 
WHERE users.id IN ($1::INTEGER)
2026-05-25 14:25:20,270 [INFO] sqlalchemy.engine.Engine: [cached since 76.34s ago] (7,)
2026-05-25 14:25:20,274 [INFO] sqlalchemy.engine.Engine: SELECT projects.client_id, projects.contract_id, projects.name, projects.description, projects.start_date, projects.end_date, projects.is_archived, projects.id, projects.created_at, projects.updated_at 
FROM projects JOIN clients ON clients.id = projects.client_id 
WHERE projects.id = $1::INTEGER
2026-05-25 14:25:20,275 [INFO] sqlalchemy.engine.Engine: [cached since 421.6s ago] (2,)
2026-05-25 14:25:20,277 [INFO] sqlalchemy.engine.Engine: SELECT contracts.id AS contracts_id, contracts.branch_id AS contracts_branch_id, contracts.company_id AS contracts_company_id, contracts.status AS contracts_status, contracts.description AS contracts_description, contracts.number AS contracts_number, contracts.name AS contracts_name, contracts.valid_from AS contracts_valid_from, contracts.valid_to AS contracts_valid_to, contracts.is_archived AS contracts_is_archived, contracts.created_at AS contracts_created_at, contracts.updated_at AS contracts_updated_at 
FROM contracts 
WHERE contracts.id IN ($1::INTEGER)
2026-05-25 14:25:20,278 [INFO] sqlalchemy.engine.Engine: [cached since 421.6s ago] (3,)
2026-05-25 14:25:20,282 [INFO] sqlalchemy.engine.Engine: SELECT stages.project_id AS stages_project_id, stages.name AS stages_name, stages.position AS stages_position, stages.description AS stages_description, stages.start_date AS stages_start_date, stages.end_date AS stages_end_date, stages.is_archived AS stages_is_archived, stages.id AS stages_id, stages.created_at AS stages_created_at, stages.updated_at AS stages_updated_at 
FROM stages 
WHERE stages.project_id IN ($1::INTEGER) ORDER BY stages.position
2026-05-25 14:25:20,285 [INFO] sqlalchemy.engine.Engine: [cached since 421.4s ago] (2,)
2026-05-25 14:25:20,291 [INFO] sqlalchemy.engine.Engine: SELECT files.project_id AS files_project_id, files.creator_id AS files_creator_id, files.client_id AS files_client_id, files.template_id AS files_template_id, files.name AS files_name, files.unique_name AS files_unique_name, files.path AS files_path, files.size AS files_size, files.mime_type AS files_mime_type, files.id AS files_id, files.created_at AS files_created_at, files.updated_at AS files_updated_at 
FROM files 
WHERE files.project_id IN ($1::INTEGER)
2026-05-25 14:25:20,293 [INFO] sqlalchemy.engine.Engine: [cached since 421.2s ago] (2,)
2026-05-25 14:25:20,298 [INFO] sqlalchemy.engine.Engine: SELECT clients.id AS clients_id, clients.manager_id AS clients_manager_id, clients.name AS clients_name, clients.email AS clients_email, clients.telephone AS clients_telephone, clients.is_archived AS clients_is_archived, clients.created_at AS clients_created_at, clients.updated_at AS clients_updated_at 
FROM clients 
WHERE clients.id IN ($1::INTEGER)
2026-05-25 14:25:20,299 [INFO] sqlalchemy.engine.Engine: [cached since 421.2s ago] (2,)
2026-05-25 14:25:20,304 [INFO] sqlalchemy.engine.Engine: SELECT companies.id AS companies_id, companies.client_id AS companies_client_id, companies.name AS companies_name, companies.inn AS companies_inn, companies.is_archived AS companies_is_archived, companies.created_at AS companies_created_at, companies.updated_at AS companies_updated_at 
FROM companies 
WHERE companies.id IN ($1::INTEGER)
2026-05-25 14:25:20,305 [INFO] sqlalchemy.engine.Engine: [cached since 421.2s ago] (2,)
2026-05-25 14:25:20,310 [INFO] sqlalchemy.engine.Engine: SELECT users.id AS users_id, users.branch_id AS users_branch_id, users.name AS users_name, users.surname AS users_surname, users.position AS users_position, users.email AS users_email, users.password_hash AS users_password_hash, users.is_active AS users_is_active, users.must_change_password AS users_must_change_password, users.created_at AS users_created_at, users.updated_at AS users_updated_at 
FROM users 
WHERE users.id IN ($1::INTEGER)
2026-05-25 14:25:20,311 [INFO] sqlalchemy.engine.Engine: [cached since 421.2s ago] (13,)
2026-05-25 14:25:20,315 [INFO] app.middleware: POST /email-template/3/render - 200 - 0.056 sec
2026-05-25 14:25:20,317 [INFO] sqlalchemy.engine.Engine: COMMIT
2026-05-25 14:25:35,527 [INFO] sqlalchemy.engine.Engine: BEGIN (implicit)
2026-05-25 14:25:35,527 [INFO] sqlalchemy.engine.Engine: SELECT email_templates.name, email_templates.subject_content, email_templates.body_content, email_templates.is_public, email_templates.creator_id, email_templates.id, email_templates.created_at, email_templates.updated_at 
FROM email_templates 
WHERE email_templates.id = $1::INTEGER
2026-05-25 14:25:35,528 [INFO] sqlalchemy.engine.Engine: [cached since 82.43s ago] (3,)
2026-05-25 14:25:35,530 [INFO] sqlalchemy.engine.Engine: SELECT users.id AS users_id, users.branch_id AS users_branch_id, users.name AS users_name, users.surname AS users_surname, users.position AS users_position, users.email AS users_email, users.password_hash AS users_password_hash, users.is_active AS users_is_active, users.must_change_password AS users_must_change_password, users.created_at AS users_created_at, users.updated_at AS users_updated_at 
FROM users 
WHERE users.id IN ($1::INTEGER)
2026-05-25 14:25:35,531 [INFO] sqlalchemy.engine.Engine: [cached since 91.6s ago] (7,)
2026-05-25 14:25:35,533 [INFO] sqlalchemy.engine.Engine: SELECT projects.client_id, projects.contract_id, projects.name, projects.description, projects.start_date, projects.end_date, projects.is_archived, projects.id, projects.created_at, projects.updated_at 
FROM projects JOIN clients ON clients.id = projects.client_id 
WHERE projects.id = $1::INTEGER
2026-05-25 14:25:35,533 [INFO] sqlalchemy.engine.Engine: [cached since 436.8s ago] (1,)
2026-05-25 14:25:35,535 [INFO] sqlalchemy.engine.Engine: SELECT contracts.id AS contracts_id, contracts.branch_id AS contracts_branch_id, contracts.company_id AS contracts_company_id, contracts.status AS contracts_status, contracts.description AS contracts_description, contracts.number AS contracts_number, contracts.name AS contracts_name, contracts.valid_from AS contracts_valid_from, contracts.valid_to AS contracts_valid_to, contracts.is_archived AS contracts_is_archived, contracts.created_at AS contracts_created_at, contracts.updated_at AS contracts_updated_at 
FROM contracts 
WHERE contracts.id IN ($1::INTEGER)
2026-05-25 14:25:35,536 [INFO] sqlalchemy.engine.Engine: [cached since 436.8s ago] (1,)
2026-05-25 14:25:35,538 [INFO] sqlalchemy.engine.Engine: SELECT stages.project_id AS stages_project_id, stages.name AS stages_name, stages.position AS stages_position, stages.description AS stages_description, stages.start_date AS stages_start_date, stages.end_date AS stages_end_date, stages.is_archived AS stages_is_archived, stages.id AS stages_id, stages.created_at AS stages_created_at, stages.updated_at AS stages_updated_at 
FROM stages 
WHERE stages.project_id IN ($1::INTEGER) ORDER BY stages.position
2026-05-25 14:25:35,538 [INFO] sqlalchemy.engine.Engine: [cached since 436.7s ago] (1,)
2026-05-25 14:25:35,540 [INFO] sqlalchemy.engine.Engine: SELECT files.project_id AS files_project_id, files.creator_id AS files_creator_id, files.client_id AS files_client_id, files.template_id AS files_template_id, files.name AS files_name, files.unique_name AS files_unique_name, files.path AS files_path, files.size AS files_size, files.mime_type AS files_mime_type, files.id AS files_id, files.created_at AS files_created_at, files.updated_at AS files_updated_at 
FROM files 
WHERE files.project_id IN ($1::INTEGER)
2026-05-25 14:25:35,540 [INFO] sqlalchemy.engine.Engine: [cached since 436.5s ago] (1,)
2026-05-25 14:25:35,542 [INFO] sqlalchemy.engine.Engine: SELECT clients.id AS clients_id, clients.manager_id AS clients_manager_id, clients.name AS clients_name, clients.email AS clients_email, clients.telephone AS clients_telephone, clients.is_archived AS clients_is_archived, clients.created_at AS clients_created_at, clients.updated_at AS clients_updated_at 
FROM clients 
WHERE clients.id IN ($1::INTEGER)
2026-05-25 14:25:35,546 [INFO] sqlalchemy.engine.Engine: [cached since 436.5s ago] (1,)
2026-05-25 14:25:35,549 [INFO] sqlalchemy.engine.Engine: SELECT companies.id AS companies_id, companies.client_id AS companies_client_id, companies.name AS companies_name, companies.inn AS companies_inn, companies.is_archived AS companies_is_archived, companies.created_at AS companies_created_at, companies.updated_at AS companies_updated_at 
FROM companies 
WHERE companies.id IN ($1::INTEGER)
2026-05-25 14:25:35,549 [INFO] sqlalchemy.engine.Engine: [cached since 436.5s ago] (1,)
2026-05-25 14:25:35,552 [INFO] sqlalchemy.engine.Engine: SELECT users.id AS users_id, users.branch_id AS users_branch_id, users.name AS users_name, users.surname AS users_surname, users.position AS users_position, users.email AS users_email, users.password_hash AS users_password_hash, users.is_active AS users_is_active, users.must_change_password AS users_must_change_password, users.created_at AS users_created_at, users.updated_at AS users_updated_at 
FROM users 
WHERE users.id IN ($1::INTEGER)
2026-05-25 14:25:35,554 [INFO] sqlalchemy.engine.Engine: [cached since 436.4s ago] (7,)
2026-05-25 14:25:35,558 [INFO] app.middleware: POST /email-template/3/render - 200 - 0.034 sec
2026-05-25 14:25:35,561 [INFO] sqlalchemy.engine.Engine: COMMIT
2026-05-25 14:25:51,999 [INFO] sqlalchemy.engine.Engine: BEGIN (implicit)
2026-05-25 14:25:52,001 [INFO] sqlalchemy.engine.Engine: SELECT email_templates.name, email_templates.subject_content, email_templates.body_content, email_templates.is_public, email_templates.creator_id, email_templates.id, email_templates.created_at, email_templates.updated_at 
FROM email_templates 
WHERE email_templates.id = $1::INTEGER
2026-05-25 14:25:52,001 [INFO] sqlalchemy.engine.Engine: [cached since 98.9s ago] (3,)
2026-05-25 14:25:52,004 [INFO] sqlalchemy.engine.Engine: SELECT users.id AS users_id, users.branch_id AS users_branch_id, users.name AS users_name, users.surname AS users_surname, users.position AS users_position, users.email AS users_email, users.password_hash AS users_password_hash, users.is_active AS users_is_active, users.must_change_password AS users_must_change_password, users.created_at AS users_created_at, users.updated_at AS users_updated_at 
FROM users 
WHERE users.id IN ($1::INTEGER)
2026-05-25 14:25:52,005 [INFO] sqlalchemy.engine.Engine: [cached since 108.1s ago] (7,)
2026-05-25 14:25:52,007 [INFO] sqlalchemy.engine.Engine: SELECT projects.client_id, projects.contract_id, projects.name, projects.description, projects.start_date, projects.end_date, projects.is_archived, projects.id, projects.created_at, projects.updated_at 
FROM projects JOIN clients ON clients.id = projects.client_id 
WHERE projects.id = $1::INTEGER
2026-05-25 14:25:52,008 [INFO] sqlalchemy.engine.Engine: [cached since 453.3s ago] (3,)
2026-05-25 14:25:52,010 [INFO] sqlalchemy.engine.Engine: SELECT stages.project_id AS stages_project_id, stages.name AS stages_name, stages.position AS stages_position, stages.description AS stages_description, stages.start_date AS stages_start_date, stages.end_date AS stages_end_date, stages.is_archived AS stages_is_archived, stages.id AS stages_id, stages.created_at AS stages_created_at, stages.updated_at AS stages_updated_at 
FROM stages 
WHERE stages.project_id IN ($1::INTEGER) ORDER BY stages.position
2026-05-25 14:25:52,011 [INFO] sqlalchemy.engine.Engine: [cached since 453.2s ago] (3,)
2026-05-25 14:25:52,013 [INFO] sqlalchemy.engine.Engine: SELECT files.project_id AS files_project_id, files.creator_id AS files_creator_id, files.client_id AS files_client_id, files.template_id AS files_template_id, files.name AS files_name, files.unique_name AS files_unique_name, files.path AS files_path, files.size AS files_size, files.mime_type AS files_mime_type, files.id AS files_id, files.created_at AS files_created_at, files.updated_at AS files_updated_at 
FROM files 
WHERE files.project_id IN ($1::INTEGER)
2026-05-25 14:25:52,014 [INFO] sqlalchemy.engine.Engine: [cached since 453s ago] (3,)
2026-05-25 14:25:52,016 [INFO] sqlalchemy.engine.Engine: SELECT clients.id AS clients_id, clients.manager_id AS clients_manager_id, clients.name AS clients_name, clients.email AS clients_email, clients.telephone AS clients_telephone, clients.is_archived AS clients_is_archived, clients.created_at AS clients_created_at, clients.updated_at AS clients_updated_at 
FROM clients 
WHERE clients.id IN ($1::INTEGER)
2026-05-25 14:25:52,017 [INFO] sqlalchemy.engine.Engine: [cached since 452.9s ago] (3,)
2026-05-25 14:25:52,019 [INFO] sqlalchemy.engine.Engine: SELECT users.id AS users_id, users.branch_id AS users_branch_id, users.name AS users_name, users.surname AS users_surname, users.position AS users_position, users.email AS users_email, users.password_hash AS users_password_hash, users.is_active AS users_is_active, users.must_change_password AS users_must_change_password, users.created_at AS users_created_at, users.updated_at AS users_updated_at 
FROM users 
WHERE users.id IN ($1::INTEGER)
2026-05-25 14:25:52,020 [INFO] sqlalchemy.engine.Engine: [cached since 452.9s ago] (7,)
2026-05-25 14:25:52,022 [INFO] app.middleware: POST /email-template/3/render - 200 - 0.025 sec
2026-05-25 14:25:52,023 [INFO] sqlalchemy.engine.Engine: COMMIT
2026-05-25 14:26:01,855 [INFO] sqlalchemy.engine.Engine: BEGIN (implicit)
2026-05-25 14:26:01,857 [INFO] sqlalchemy.engine.Engine: SELECT email_templates.name, email_templates.subject_content, email_templates.body_content, email_templates.is_public, email_templates.creator_id, email_templates.id, email_templates.created_at, email_templates.updated_at 
FROM email_templates 
WHERE email_templates.id = $1::INTEGER
2026-05-25 14:26:01,858 [INFO] sqlalchemy.engine.Engine: [cached since 108.8s ago] (3,)
2026-05-25 14:26:01,861 [INFO] sqlalchemy.engine.Engine: SELECT users.id AS users_id, users.branch_id AS users_branch_id, users.name AS users_name, users.surname AS users_surname, users.position AS users_position, users.email AS users_email, users.password_hash AS users_password_hash, users.is_active AS users_is_active, users.must_change_password AS users_must_change_password, users.created_at AS users_created_at, users.updated_at AS users_updated_at 
FROM users 
WHERE users.id IN ($1::INTEGER)
2026-05-25 14:26:01,864 [INFO] sqlalchemy.engine.Engine: [cached since 117.9s ago] (7,)
2026-05-25 14:26:01,869 [INFO] sqlalchemy.engine.Engine: SELECT projects.client_id, projects.contract_id, projects.name, projects.description, projects.start_date, projects.end_date, projects.is_archived, projects.id, projects.created_at, projects.updated_at 
FROM projects JOIN clients ON clients.id = projects.client_id 
WHERE projects.id = $1::INTEGER
2026-05-25 14:26:01,871 [INFO] sqlalchemy.engine.Engine: [cached since 463.2s ago] (3,)
2026-05-25 14:26:01,879 [INFO] sqlalchemy.engine.Engine: SELECT stages.project_id AS stages_project_id, stages.name AS stages_name, stages.position AS stages_position, stages.description AS stages_description, stages.start_date AS stages_start_date, stages.end_date AS stages_end_date, stages.is_archived AS stages_is_archived, stages.id AS stages_id, stages.created_at AS stages_created_at, stages.updated_at AS stages_updated_at 
FROM stages 
WHERE stages.project_id IN ($1::INTEGER) ORDER BY stages.position
2026-05-25 14:26:01,880 [INFO] sqlalchemy.engine.Engine: [cached since 463s ago] (3,)
2026-05-25 14:26:01,883 [INFO] sqlalchemy.engine.Engine: SELECT files.project_id AS files_project_id, files.creator_id AS files_creator_id, files.client_id AS files_client_id, files.template_id AS files_template_id, files.name AS files_name, files.unique_name AS files_unique_name, files.path AS files_path, files.size AS files_size, files.mime_type AS files_mime_type, files.id AS files_id, files.created_at AS files_created_at, files.updated_at AS files_updated_at 
FROM files 
WHERE files.project_id IN ($1::INTEGER)
2026-05-25 14:26:01,884 [INFO] sqlalchemy.engine.Engine: [cached since 462.8s ago] (3,)
2026-05-25 14:26:01,889 [INFO] sqlalchemy.engine.Engine: SELECT clients.id AS clients_id, clients.manager_id AS clients_manager_id, clients.name AS clients_name, clients.email AS clients_email, clients.telephone AS clients_telephone, clients.is_archived AS clients_is_archived, clients.created_at AS clients_created_at, clients.updated_at AS clients_updated_at 
FROM clients 
WHERE clients.id IN ($1::INTEGER)
2026-05-25 14:26:01,892 [INFO] sqlalchemy.engine.Engine: [cached since 462.8s ago] (3,)
2026-05-25 14:26:01,896 [INFO] sqlalchemy.engine.Engine: SELECT users.id AS users_id, users.branch_id AS users_branch_id, users.name AS users_name, users.surname AS users_surname, users.position AS users_position, users.email AS users_email, users.password_hash AS users_password_hash, users.is_active AS users_is_active, users.must_change_password AS users_must_change_password, users.created_at AS users_created_at, users.updated_at AS users_updated_at 
FROM users 
WHERE users.id IN ($1::INTEGER)
2026-05-25 14:26:01,896 [INFO] sqlalchemy.engine.Engine: [cached since 462.8s ago] (7,)
2026-05-25 14:26:01,898 [INFO] app.middleware: POST /email-template/3/render - 200 - 0.046 sec
2026-05-25 14:26:01,900 [INFO] sqlalchemy.engine.Engine: COMMIT
2026-05-25 14:26:21,136 [INFO] sqlalchemy.engine.Engine: BEGIN (implicit)
2026-05-25 14:26:21,137 [INFO] sqlalchemy.engine.Engine: SELECT email_templates.name, email_templates.subject_content, email_templates.body_content, email_templates.is_public, email_templates.creator_id, email_templates.id, email_templates.created_at, email_templates.updated_at 
FROM email_templates 
WHERE email_templates.id = $1::INTEGER
2026-05-25 14:26:21,138 [INFO] sqlalchemy.engine.Engine: [cached since 128s ago] (3,)
2026-05-25 14:26:21,140 [INFO] sqlalchemy.engine.Engine: SELECT users.id AS users_id, users.branch_id AS users_branch_id, users.name AS users_name, users.surname AS users_surname, users.position AS users_position, users.email AS users_email, users.password_hash AS users_password_hash, users.is_active AS users_is_active, users.must_change_password AS users_must_change_password, users.created_at AS users_created_at, users.updated_at AS users_updated_at 
FROM users 
WHERE users.id IN ($1::INTEGER)
2026-05-25 14:26:21,141 [INFO] sqlalchemy.engine.Engine: [cached since 137.2s ago] (7,)
2026-05-25 14:26:21,144 [INFO] sqlalchemy.engine.Engine: SELECT projects.client_id, projects.contract_id, projects.name, projects.description, projects.start_date, projects.end_date, projects.is_archived, projects.id, projects.created_at, projects.updated_at 
FROM projects JOIN clients ON clients.id = projects.client_id 
WHERE projects.id = $1::INTEGER
2026-05-25 14:26:21,145 [INFO] sqlalchemy.engine.Engine: [cached since 482.5s ago] (2,)
2026-05-25 14:26:21,147 [INFO] sqlalchemy.engine.Engine: SELECT contracts.id AS contracts_id, contracts.branch_id AS contracts_branch_id, contracts.company_id AS contracts_company_id, contracts.status AS contracts_status, contracts.description AS contracts_description, contracts.number AS contracts_number, contracts.name AS contracts_name, contracts.valid_from AS contracts_valid_from, contracts.valid_to AS contracts_valid_to, contracts.is_archived AS contracts_is_archived, contracts.created_at AS contracts_created_at, contracts.updated_at AS contracts_updated_at 
FROM contracts 
WHERE contracts.id IN ($1::INTEGER)
2026-05-25 14:26:21,148 [INFO] sqlalchemy.engine.Engine: [cached since 482.4s ago] (3,)
2026-05-25 14:26:21,152 [INFO] sqlalchemy.engine.Engine: SELECT stages.project_id AS stages_project_id, stages.name AS stages_name, stages.position AS stages_position, stages.description AS stages_description, stages.start_date AS stages_start_date, stages.end_date AS stages_end_date, stages.is_archived AS stages_is_archived, stages.id AS stages_id, stages.created_at AS stages_created_at, stages.updated_at AS stages_updated_at 
FROM stages 
WHERE stages.project_id IN ($1::INTEGER) ORDER BY stages.position
2026-05-25 14:26:21,153 [INFO] sqlalchemy.engine.Engine: [cached since 482.3s ago] (2,)
2026-05-25 14:26:21,157 [INFO] sqlalchemy.engine.Engine: SELECT files.project_id AS files_project_id, files.creator_id AS files_creator_id, files.client_id AS files_client_id, files.template_id AS files_template_id, files.name AS files_name, files.unique_name AS files_unique_name, files.path AS files_path, files.size AS files_size, files.mime_type AS files_mime_type, files.id AS files_id, files.created_at AS files_created_at, files.updated_at AS files_updated_at 
FROM files 
WHERE files.project_id IN ($1::INTEGER)
2026-05-25 14:26:21,157 [INFO] sqlalchemy.engine.Engine: [cached since 482.1s ago] (2,)
2026-05-25 14:26:21,162 [INFO] sqlalchemy.engine.Engine: SELECT clients.id AS clients_id, clients.manager_id AS clients_manager_id, clients.name AS clients_name, clients.email AS clients_email, clients.telephone AS clients_telephone, clients.is_archived AS clients_is_archived, clients.created_at AS clients_created_at, clients.updated_at AS clients_updated_at 
FROM clients 
WHERE clients.id IN ($1::INTEGER)
2026-05-25 14:26:21,163 [INFO] sqlalchemy.engine.Engine: [cached since 482.1s ago] (2,)
2026-05-25 14:26:21,166 [INFO] sqlalchemy.engine.Engine: SELECT companies.id AS companies_id, companies.client_id AS companies_client_id, companies.name AS companies_name, companies.inn AS companies_inn, companies.is_archived AS companies_is_archived, companies.created_at AS companies_created_at, companies.updated_at AS companies_updated_at 
FROM companies 
WHERE companies.id IN ($1::INTEGER)
2026-05-25 14:26:21,166 [INFO] sqlalchemy.engine.Engine: [cached since 482.1s ago] (2,)
2026-05-25 14:26:21,170 [INFO] sqlalchemy.engine.Engine: SELECT users.id AS users_id, users.branch_id AS users_branch_id, users.name AS users_name, users.surname AS users_surname, users.position AS users_position, users.email AS users_email, users.password_hash AS users_password_hash, users.is_active AS users_is_active, users.must_change_password AS users_must_change_password, users.created_at AS users_created_at, users.updated_at AS users_updated_at 
FROM users 
WHERE users.id IN ($1::INTEGER)
2026-05-25 14:26:21,171 [INFO] sqlalchemy.engine.Engine: [cached since 482.1s ago] (13,)
2026-05-25 14:26:21,174 [INFO] app.middleware: POST /email-template/3/render - 200 - 0.041 sec
2026-05-25 14:26:21,175 [INFO] sqlalchemy.engine.Engine: COMMIT
2026-05-25 14:26:47,470 [INFO] sqlalchemy.engine.Engine: BEGIN (implicit)
2026-05-25 14:26:47,471 [INFO] sqlalchemy.engine.Engine: SELECT email_templates.name, email_templates.subject_content, email_templates.body_content, email_templates.is_public, email_templates.creator_id, email_templates.id, email_templates.created_at, email_templates.updated_at 
FROM email_templates 
WHERE email_templates.id = $1::INTEGER
2026-05-25 14:26:47,471 [INFO] sqlalchemy.engine.Engine: [cached since 154.4s ago] (3,)
2026-05-25 14:26:47,473 [INFO] sqlalchemy.engine.Engine: SELECT users.id AS users_id, users.branch_id AS users_branch_id, users.name AS users_name, users.surname AS users_surname, users.position AS users_position, users.email AS users_email, users.password_hash AS users_password_hash, users.is_active AS users_is_active, users.must_change_password AS users_must_change_password, users.created_at AS users_created_at, users.updated_at AS users_updated_at 
FROM users 
WHERE users.id IN ($1::INTEGER)
2026-05-25 14:26:47,474 [INFO] sqlalchemy.engine.Engine: [cached since 163.5s ago] (7,)
2026-05-25 14:26:47,477 [INFO] sqlalchemy.engine.Engine: SELECT projects.client_id, projects.contract_id, projects.name, projects.description, projects.start_date, projects.end_date, projects.is_archived, projects.id, projects.created_at, projects.updated_at 
FROM projects JOIN clients ON clients.id = projects.client_id 
WHERE projects.id = $1::INTEGER
2026-05-25 14:26:47,483 [INFO] sqlalchemy.engine.Engine: [cached since 508.8s ago] (2,)
2026-05-25 14:26:47,486 [INFO] sqlalchemy.engine.Engine: SELECT contracts.id AS contracts_id, contracts.branch_id AS contracts_branch_id, contracts.company_id AS contracts_company_id, contracts.status AS contracts_status, contracts.description AS contracts_description, contracts.number AS contracts_number, contracts.name AS contracts_name, contracts.valid_from AS contracts_valid_from, contracts.valid_to AS contracts_valid_to, contracts.is_archived AS contracts_is_archived, contracts.created_at AS contracts_created_at, contracts.updated_at AS contracts_updated_at 
FROM contracts 
WHERE contracts.id IN ($1::INTEGER)
2026-05-25 14:26:47,486 [INFO] sqlalchemy.engine.Engine: [cached since 508.8s ago] (3,)
2026-05-25 14:26:47,490 [INFO] sqlalchemy.engine.Engine: SELECT stages.project_id AS stages_project_id, stages.name AS stages_name, stages.position AS stages_position, stages.description AS stages_description, stages.start_date AS stages_start_date, stages.end_date AS stages_end_date, stages.is_archived AS stages_is_archived, stages.id AS stages_id, stages.created_at AS stages_created_at, stages.updated_at AS stages_updated_at 
FROM stages 
WHERE stages.project_id IN ($1::INTEGER) ORDER BY stages.position
2026-05-25 14:26:47,495 [INFO] sqlalchemy.engine.Engine: [cached since 508.6s ago] (2,)
2026-05-25 14:26:47,498 [INFO] sqlalchemy.engine.Engine: SELECT files.project_id AS files_project_id, files.creator_id AS files_creator_id, files.client_id AS files_client_id, files.template_id AS files_template_id, files.name AS files_name, files.unique_name AS files_unique_name, files.path AS files_path, files.size AS files_size, files.mime_type AS files_mime_type, files.id AS files_id, files.created_at AS files_created_at, files.updated_at AS files_updated_at 
FROM files 
WHERE files.project_id IN ($1::INTEGER)
2026-05-25 14:26:47,499 [INFO] sqlalchemy.engine.Engine: [cached since 508.4s ago] (2,)
2026-05-25 14:26:47,502 [INFO] sqlalchemy.engine.Engine: SELECT clients.id AS clients_id, clients.manager_id AS clients_manager_id, clients.name AS clients_name, clients.email AS clients_email, clients.telephone AS clients_telephone, clients.is_archived AS clients_is_archived, clients.created_at AS clients_created_at, clients.updated_at AS clients_updated_at 
FROM clients 
WHERE clients.id IN ($1::INTEGER)
2026-05-25 14:26:47,502 [INFO] sqlalchemy.engine.Engine: [cached since 508.4s ago] (2,)
2026-05-25 14:26:47,507 [INFO] sqlalchemy.engine.Engine: SELECT companies.id AS companies_id, companies.client_id AS companies_client_id, companies.name AS companies_name, companies.inn AS companies_inn, companies.is_archived AS companies_is_archived, companies.created_at AS companies_created_at, companies.updated_at AS companies_updated_at 
FROM companies 
WHERE companies.id IN ($1::INTEGER)
2026-05-25 14:26:47,508 [INFO] sqlalchemy.engine.Engine: [cached since 508.4s ago] (2,)
2026-05-25 14:26:47,514 [INFO] sqlalchemy.engine.Engine: SELECT users.id AS users_id, users.branch_id AS users_branch_id, users.name AS users_name, users.surname AS users_surname, users.position AS users_position, users.email AS users_email, users.password_hash AS users_password_hash, users.is_active AS users_is_active, users.must_change_password AS users_must_change_password, users.created_at AS users_created_at, users.updated_at AS users_updated_at 
FROM users 
WHERE users.id IN ($1::INTEGER)
2026-05-25 14:26:47,515 [INFO] sqlalchemy.engine.Engine: [cached since 508.4s ago] (13,)
2026-05-25 14:26:47,526 [INFO] sqlalchemy.engine.Engine: SELECT users.branch_id, users.name, users.surname, users.position, users.email, users.password_hash, users.is_active, users.must_change_password, users.id, users.created_at, users.updated_at 
FROM users 
WHERE users.id = $1::INTEGER
2026-05-25 14:26:47,531 [INFO] sqlalchemy.engine.Engine: [generated in 0.00502s] (7,)
2026-05-25 14:26:47,542 [INFO] sqlalchemy.engine.Engine: SELECT branches.id AS branches_id, branches.name AS branches_name, branches.inn AS branches_inn, branches.is_archived AS branches_is_archived, branches.created_at AS branches_created_at, branches.updated_at AS branches_updated_at 
FROM branches 
WHERE branches.id IN ($1::INTEGER)
2026-05-25 14:26:47,545 [INFO] sqlalchemy.engine.Engine: [generated in 0.00321s] (10,)
2026-05-25 14:26:47,578 [INFO] sqlalchemy.engine.Engine: SELECT users_1.id AS users_1_id, roles.name AS roles_name, roles.id AS roles_id, roles.created_at AS roles_created_at, roles.updated_at AS roles_updated_at 
FROM users AS users_1 JOIN user_roles AS user_roles_1 ON users_1.id = user_roles_1.user_id JOIN roles ON roles.id = user_roles_1.role_id 
WHERE users_1.id IN ($1::INTEGER)
2026-05-25 14:26:47,579 [INFO] sqlalchemy.engine.Engine: [generated in 0.00112s] (7,)
2026-05-25 14:26:47,588 [INFO] sqlalchemy.engine.Engine: SELECT assignments.user_id AS assignments_user_id, assignments.stage_id AS assignments_stage_id, assignments.contractor_id AS assignments_contractor_id, assignments.name AS assignments_name, assignments.description AS assignments_description, assignments.is_archived AS assignments_is_archived, assignments.id AS assignments_id, assignments.created_at AS assignments_created_at, assignments.updated_at AS assignments_updated_at 
FROM assignments 
WHERE assignments.user_id IN ($1::INTEGER)
2026-05-25 14:26:47,589 [INFO] sqlalchemy.engine.Engine: [generated in 0.00088s] (7,)
2026-05-25 14:26:47,600 [INFO] sqlalchemy.engine.Engine: SELECT clients.manager_id AS clients_manager_id, clients.name AS clients_name, clients.email AS clients_email, clients.telephone AS clients_telephone, clients.is_archived AS clients_is_archived, clients.id AS clients_id, clients.created_at AS clients_created_at, clients.updated_at AS clients_updated_at 
FROM clients 
WHERE clients.manager_id IN ($1::INTEGER)
2026-05-25 14:26:47,601 [INFO] sqlalchemy.engine.Engine: [generated in 0.00228s] (7,)
2026-05-25 14:26:47,608 [INFO] app.middleware: POST /email-template/3/render - 200 - 0.140 sec
2026-05-25 14:26:47,610 [INFO] sqlalchemy.engine.Engine: COMMIT
2026-05-25 14:27:55,707 [INFO] sqlalchemy.engine.Engine: BEGIN (implicit)
2026-05-25 14:27:55,708 [INFO] sqlalchemy.engine.Engine: SELECT email_templates.name, email_templates.subject_content, email_templates.body_content, email_templates.is_public, email_templates.creator_id, email_templates.id, email_templates.created_at, email_templates.updated_at 
FROM email_templates 
WHERE email_templates.id = $1::INTEGER
2026-05-25 14:27:55,709 [INFO] sqlalchemy.engine.Engine: [cached since 222.6s ago] (3,)
2026-05-25 14:27:55,711 [INFO] sqlalchemy.engine.Engine: SELECT users.id AS users_id, users.branch_id AS users_branch_id, users.name AS users_name, users.surname AS users_surname, users.position AS users_position, users.email AS users_email, users.password_hash AS users_password_hash, users.is_active AS users_is_active, users.must_change_password AS users_must_change_password, users.created_at AS users_created_at, users.updated_at AS users_updated_at 
FROM users 
WHERE users.id IN ($1::INTEGER)
2026-05-25 14:27:55,713 [INFO] sqlalchemy.engine.Engine: [cached since 231.8s ago] (7,)
2026-05-25 14:27:55,721 [INFO] sqlalchemy.engine.Engine: SELECT stages.project_id, stages.name, stages.position, stages.description, stages.start_date, stages.end_date, stages.is_archived, stages.id, stages.created_at, stages.updated_at 
FROM stages JOIN projects ON projects.id = stages.project_id JOIN clients ON clients.id = projects.client_id 
WHERE stages.id = $1::INTEGER
2026-05-25 14:27:55,721 [INFO] sqlalchemy.engine.Engine: [generated in 0.00076s] (9,)
2026-05-25 14:27:55,727 [INFO] sqlalchemy.engine.Engine: SELECT assignments.stage_id AS assignments_stage_id, assignments.contractor_id AS assignments_contractor_id, assignments.user_id AS assignments_user_id, assignments.name AS assignments_name, assignments.description AS assignments_description, assignments.is_archived AS assignments_is_archived, assignments.id AS assignments_id, assignments.created_at AS assignments_created_at, assignments.updated_at AS assignments_updated_at 
FROM assignments 
WHERE assignments.stage_id IN ($1::INTEGER)
2026-05-25 14:27:55,728 [INFO] sqlalchemy.engine.Engine: [generated in 0.00126s] (9,)
2026-05-25 14:27:55,735 [INFO] sqlalchemy.engine.Engine: SELECT projects.id AS projects_id, projects.client_id AS projects_client_id, projects.contract_id AS projects_contract_id, projects.name AS projects_name, projects.description AS projects_description, projects.start_date AS projects_start_date, projects.end_date AS projects_end_date, projects.is_archived AS projects_is_archived, projects.created_at AS projects_created_at, projects.updated_at AS projects_updated_at 
FROM projects 
WHERE projects.id IN ($1::INTEGER)
2026-05-25 14:27:55,736 [INFO] sqlalchemy.engine.Engine: [generated in 0.00144s] (2,)
2026-05-25 14:27:55,743 [INFO] sqlalchemy.engine.Engine: SELECT contracts.id AS contracts_id, contracts.branch_id AS contracts_branch_id, contracts.company_id AS contracts_company_id, contracts.status AS contracts_status, contracts.description AS contracts_description, contracts.number AS contracts_number, contracts.name AS contracts_name, contracts.valid_from AS contracts_valid_from, contracts.valid_to AS contracts_valid_to, contracts.is_archived AS contracts_is_archived, contracts.created_at AS contracts_created_at, contracts.updated_at AS contracts_updated_at 
FROM contracts 
WHERE contracts.id IN ($1::INTEGER)
2026-05-25 14:27:55,751 [INFO] sqlalchemy.engine.Engine: [generated in 0.00782s] (3,)
2026-05-25 14:27:55,757 [INFO] sqlalchemy.engine.Engine: SELECT clients.id AS clients_id, clients.manager_id AS clients_manager_id, clients.name AS clients_name, clients.email AS clients_email, clients.telephone AS clients_telephone, clients.is_archived AS clients_is_archived, clients.created_at AS clients_created_at, clients.updated_at AS clients_updated_at 
FROM clients 
WHERE clients.id IN ($1::INTEGER)
2026-05-25 14:27:55,758 [INFO] sqlalchemy.engine.Engine: [generated in 0.00153s] (2,)
2026-05-25 14:27:55,766 [INFO] sqlalchemy.engine.Engine: SELECT companies.id AS companies_id, companies.client_id AS companies_client_id, companies.name AS companies_name, companies.inn AS companies_inn, companies.is_archived AS companies_is_archived, companies.created_at AS companies_created_at, companies.updated_at AS companies_updated_at 
FROM companies 
WHERE companies.id IN ($1::INTEGER)
2026-05-25 14:27:55,767 [INFO] sqlalchemy.engine.Engine: [generated in 0.00126s] (2,)
2026-05-25 14:27:55,773 [INFO] sqlalchemy.engine.Engine: SELECT users.id AS users_id, users.branch_id AS users_branch_id, users.name AS users_name, users.surname AS users_surname, users.position AS users_position, users.email AS users_email, users.password_hash AS users_password_hash, users.is_active AS users_is_active, users.must_change_password AS users_must_change_password, users.created_at AS users_created_at, users.updated_at AS users_updated_at 
FROM users 
WHERE users.id IN ($1::INTEGER)
2026-05-25 14:27:55,774 [INFO] sqlalchemy.engine.Engine: [generated in 0.00094s] (13,)
2026-05-25 14:27:55,779 [INFO] sqlalchemy.engine.Engine: SELECT users.branch_id, users.name, users.surname, users.position, users.email, users.password_hash, users.is_active, users.must_change_password, users.id, users.created_at, users.updated_at 
FROM users 
WHERE users.id = $1::INTEGER
2026-05-25 14:27:55,779 [INFO] sqlalchemy.engine.Engine: [cached since 68.25s ago] (7,)
2026-05-25 14:27:55,784 [INFO] sqlalchemy.engine.Engine: SELECT branches.id AS branches_id, branches.name AS branches_name, branches.inn AS branches_inn, branches.is_archived AS branches_is_archived, branches.created_at AS branches_created_at, branches.updated_at AS branches_updated_at 
FROM branches 
WHERE branches.id IN ($1::INTEGER)
2026-05-25 14:27:55,786 [INFO] sqlalchemy.engine.Engine: [cached since 68.24s ago] (10,)
2026-05-25 14:27:55,790 [INFO] sqlalchemy.engine.Engine: SELECT users_1.id AS users_1_id, roles.name AS roles_name, roles.id AS roles_id, roles.created_at AS roles_created_at, roles.updated_at AS roles_updated_at 
FROM users AS users_1 JOIN user_roles AS user_roles_1 ON users_1.id = user_roles_1.user_id JOIN roles ON roles.id = user_roles_1.role_id 
WHERE users_1.id IN ($1::INTEGER)
2026-05-25 14:27:55,791 [INFO] sqlalchemy.engine.Engine: [cached since 68.21s ago] (7,)
2026-05-25 14:27:55,797 [INFO] sqlalchemy.engine.Engine: SELECT assignments.user_id AS assignments_user_id, assignments.stage_id AS assignments_stage_id, assignments.contractor_id AS assignments_contractor_id, assignments.name AS assignments_name, assignments.description AS assignments_description, assignments.is_archived AS assignments_is_archived, assignments.id AS assignments_id, assignments.created_at AS assignments_created_at, assignments.updated_at AS assignments_updated_at 
FROM assignments 
WHERE assignments.user_id IN ($1::INTEGER)
2026-05-25 14:27:55,798 [INFO] sqlalchemy.engine.Engine: [cached since 68.21s ago] (7,)
2026-05-25 14:27:55,804 [INFO] sqlalchemy.engine.Engine: SELECT clients.manager_id AS clients_manager_id, clients.name AS clients_name, clients.email AS clients_email, clients.telephone AS clients_telephone, clients.is_archived AS clients_is_archived, clients.id AS clients_id, clients.created_at AS clients_created_at, clients.updated_at AS clients_updated_at 
FROM clients 
WHERE clients.manager_id IN ($1::INTEGER)
2026-05-25 14:27:55,805 [INFO] sqlalchemy.engine.Engine: [cached since 68.21s ago] (7,)
2026-05-25 14:27:55,808 [INFO] app.middleware: POST /email-template/3/render - 200 - 0.104 sec
2026-05-25 14:27:55,811 [INFO] sqlalchemy.engine.Engine: COMMIT
2026-05-25 14:28:02,008 [INFO] sqlalchemy.engine.Engine: BEGIN (implicit)
2026-05-25 14:28:02,010 [INFO] sqlalchemy.engine.Engine: SELECT email_templates.name, email_templates.subject_content, email_templates.body_content, email_templates.is_public, email_templates.creator_id, email_templates.id, email_templates.created_at, email_templates.updated_at 
FROM email_templates 
WHERE email_templates.id = $1::INTEGER
2026-05-25 14:28:02,011 [INFO] sqlalchemy.engine.Engine: [cached since 228.9s ago] (3,)
2026-05-25 14:28:02,014 [INFO] sqlalchemy.engine.Engine: SELECT users.id AS users_id, users.branch_id AS users_branch_id, users.name AS users_name, users.surname AS users_surname, users.position AS users_position, users.email AS users_email, users.password_hash AS users_password_hash, users.is_active AS users_is_active, users.must_change_password AS users_must_change_password, users.created_at AS users_created_at, users.updated_at AS users_updated_at 
FROM users 
WHERE users.id IN ($1::INTEGER)
2026-05-25 14:28:02,015 [INFO] sqlalchemy.engine.Engine: [cached since 238.1s ago] (7,)
2026-05-25 14:28:02,021 [INFO] sqlalchemy.engine.Engine: SELECT stages.project_id, stages.name, stages.position, stages.description, stages.start_date, stages.end_date, stages.is_archived, stages.id, stages.created_at, stages.updated_at 
FROM stages JOIN projects ON projects.id = stages.project_id JOIN clients ON clients.id = projects.client_id 
WHERE stages.id = $1::INTEGER
2026-05-25 14:28:02,021 [INFO] sqlalchemy.engine.Engine: [cached since 6.301s ago] (8,)
2026-05-25 14:28:02,026 [INFO] sqlalchemy.engine.Engine: SELECT users.branch_id, users.name, users.surname, users.position, users.email, users.password_hash, users.is_active, users.must_change_password, users.id, users.created_at, users.updated_at 
FROM users 
WHERE users.id = $1::INTEGER
2026-05-25 14:28:02,027 [INFO] sqlalchemy.engine.Engine: [cached since 74.5s ago] (7,)
2026-05-25 14:28:02,031 [INFO] sqlalchemy.engine.Engine: SELECT branches.id AS branches_id, branches.name AS branches_name, branches.inn AS branches_inn, branches.is_archived AS branches_is_archived, branches.created_at AS branches_created_at, branches.updated_at AS branches_updated_at 
FROM branches 
WHERE branches.id IN ($1::INTEGER)
2026-05-25 14:28:02,034 [INFO] sqlalchemy.engine.Engine: [cached since 74.49s ago] (10,)
2026-05-25 14:28:02,038 [INFO] sqlalchemy.engine.Engine: SELECT users_1.id AS users_1_id, roles.name AS roles_name, roles.id AS roles_id, roles.created_at AS roles_created_at, roles.updated_at AS roles_updated_at 
FROM users AS users_1 JOIN user_roles AS user_roles_1 ON users_1.id = user_roles_1.user_id JOIN roles ON roles.id = user_roles_1.role_id 
WHERE users_1.id IN ($1::INTEGER)
2026-05-25 14:28:02,038 [INFO] sqlalchemy.engine.Engine: [cached since 74.46s ago] (7,)
2026-05-25 14:28:02,041 [INFO] sqlalchemy.engine.Engine: SELECT assignments.user_id AS assignments_user_id, assignments.stage_id AS assignments_stage_id, assignments.contractor_id AS assignments_contractor_id, assignments.name AS assignments_name, assignments.description AS assignments_description, assignments.is_archived AS assignments_is_archived, assignments.id AS assignments_id, assignments.created_at AS assignments_created_at, assignments.updated_at AS assignments_updated_at 
FROM assignments 
WHERE assignments.user_id IN ($1::INTEGER)
2026-05-25 14:28:02,043 [INFO] sqlalchemy.engine.Engine: [cached since 74.45s ago] (7,)
2026-05-25 14:28:02,046 [INFO] sqlalchemy.engine.Engine: SELECT clients.manager_id AS clients_manager_id, clients.name AS clients_name, clients.email AS clients_email, clients.telephone AS clients_telephone, clients.is_archived AS clients_is_archived, clients.id AS clients_id, clients.created_at AS clients_created_at, clients.updated_at AS clients_updated_at 
FROM clients 
WHERE clients.manager_id IN ($1::INTEGER)
2026-05-25 14:28:02,047 [INFO] sqlalchemy.engine.Engine: [cached since 74.45s ago] (7,)
2026-05-25 14:28:02,050 [INFO] app.middleware: POST /email-template/3/render - 200 - 0.044 sec
2026-05-25 14:28:02,053 [INFO] sqlalchemy.engine.Engine: COMMIT
2026-05-25 14:28:07,818 [INFO] sqlalchemy.engine.Engine: BEGIN (implicit)
2026-05-25 14:28:07,818 [INFO] sqlalchemy.engine.Engine: SELECT email_templates.name, email_templates.subject_content, email_templates.body_content, email_templates.is_public, email_templates.creator_id, email_templates.id, email_templates.created_at, email_templates.updated_at 
FROM email_templates 
WHERE email_templates.id = $1::INTEGER
2026-05-25 14:28:07,819 [INFO] sqlalchemy.engine.Engine: [cached since 234.7s ago] (3,)
2026-05-25 14:28:07,822 [INFO] sqlalchemy.engine.Engine: SELECT users.id AS users_id, users.branch_id AS users_branch_id, users.name AS users_name, users.surname AS users_surname, users.position AS users_position, users.email AS users_email, users.password_hash AS users_password_hash, users.is_active AS users_is_active, users.must_change_password AS users_must_change_password, users.created_at AS users_created_at, users.updated_at AS users_updated_at 
FROM users 
WHERE users.id IN ($1::INTEGER)
2026-05-25 14:28:07,823 [INFO] sqlalchemy.engine.Engine: [cached since 243.9s ago] (7,)
2026-05-25 14:28:07,830 [INFO] sqlalchemy.engine.Engine: SELECT stages.project_id, stages.name, stages.position, stages.description, stages.start_date, stages.end_date, stages.is_archived, stages.id, stages.created_at, stages.updated_at 
FROM stages JOIN projects ON projects.id = stages.project_id JOIN clients ON clients.id = projects.client_id 
WHERE stages.id = $1::INTEGER
2026-05-25 14:28:07,830 [INFO] sqlalchemy.engine.Engine: [cached since 12.11s ago] (7,)
2026-05-25 14:28:07,835 [INFO] sqlalchemy.engine.Engine: SELECT users.branch_id, users.name, users.surname, users.position, users.email, users.password_hash, users.is_active, users.must_change_password, users.id, users.created_at, users.updated_at 
FROM users 
WHERE users.id = $1::INTEGER
2026-05-25 14:28:07,836 [INFO] sqlalchemy.engine.Engine: [cached since 80.31s ago] (7,)
2026-05-25 14:28:07,840 [INFO] sqlalchemy.engine.Engine: SELECT branches.id AS branches_id, branches.name AS branches_name, branches.inn AS branches_inn, branches.is_archived AS branches_is_archived, branches.created_at AS branches_created_at, branches.updated_at AS branches_updated_at 
FROM branches 
WHERE branches.id IN ($1::INTEGER)
2026-05-25 14:28:07,841 [INFO] sqlalchemy.engine.Engine: [cached since 80.3s ago] (10,)
2026-05-25 14:28:07,845 [INFO] sqlalchemy.engine.Engine: SELECT users_1.id AS users_1_id, roles.name AS roles_name, roles.id AS roles_id, roles.created_at AS roles_created_at, roles.updated_at AS roles_updated_at 
FROM users AS users_1 JOIN user_roles AS user_roles_1 ON users_1.id = user_roles_1.user_id JOIN roles ON roles.id = user_roles_1.role_id 
WHERE users_1.id IN ($1::INTEGER)
2026-05-25 14:28:07,845 [INFO] sqlalchemy.engine.Engine: [cached since 80.27s ago] (7,)
2026-05-25 14:28:07,850 [INFO] sqlalchemy.engine.Engine: SELECT assignments.user_id AS assignments_user_id, assignments.stage_id AS assignments_stage_id, assignments.contractor_id AS assignments_contractor_id, assignments.name AS assignments_name, assignments.description AS assignments_description, assignments.is_archived AS assignments_is_archived, assignments.id AS assignments_id, assignments.created_at AS assignments_created_at, assignments.updated_at AS assignments_updated_at 
FROM assignments 
WHERE assignments.user_id IN ($1::INTEGER)
2026-05-25 14:28:07,851 [INFO] sqlalchemy.engine.Engine: [cached since 80.26s ago] (7,)
2026-05-25 14:28:07,855 [INFO] sqlalchemy.engine.Engine: SELECT clients.manager_id AS clients_manager_id, clients.name AS clients_name, clients.email AS clients_email, clients.telephone AS clients_telephone, clients.is_archived AS clients_is_archived, clients.id AS clients_id, clients.created_at AS clients_created_at, clients.updated_at AS clients_updated_at 
FROM clients 
WHERE clients.manager_id IN ($1::INTEGER)
2026-05-25 14:28:07,856 [INFO] sqlalchemy.engine.Engine: [cached since 80.26s ago] (7,)
2026-05-25 14:28:07,860 [INFO] app.middleware: POST /email-template/3/render - 200 - 0.045 sec
2026-05-25 14:28:07,861 [INFO] sqlalchemy.engine.Engine: COMMIT
2026-05-25 14:28:12,526 [INFO] sqlalchemy.engine.Engine: BEGIN (implicit)
2026-05-25 14:28:12,527 [INFO] sqlalchemy.engine.Engine: SELECT email_templates.name, email_templates.subject_content, email_templates.body_content, email_templates.is_public, email_templates.creator_id, email_templates.id, email_templates.created_at, email_templates.updated_at 
FROM email_templates 
WHERE email_templates.id = $1::INTEGER
2026-05-25 14:28:12,527 [INFO] sqlalchemy.engine.Engine: [cached since 239.4s ago] (3,)
2026-05-25 14:28:12,530 [INFO] sqlalchemy.engine.Engine: SELECT users.id AS users_id, users.branch_id AS users_branch_id, users.name AS users_name, users.surname AS users_surname, users.position AS users_position, users.email AS users_email, users.password_hash AS users_password_hash, users.is_active AS users_is_active, users.must_change_password AS users_must_change_password, users.created_at AS users_created_at, users.updated_at AS users_updated_at 
FROM users 
WHERE users.id IN ($1::INTEGER)
2026-05-25 14:28:12,531 [INFO] sqlalchemy.engine.Engine: [cached since 248.6s ago] (7,)
2026-05-25 14:28:12,534 [INFO] sqlalchemy.engine.Engine: SELECT stages.project_id, stages.name, stages.position, stages.description, stages.start_date, stages.end_date, stages.is_archived, stages.id, stages.created_at, stages.updated_at 
FROM stages JOIN projects ON projects.id = stages.project_id JOIN clients ON clients.id = projects.client_id 
WHERE stages.id = $1::INTEGER
2026-05-25 14:28:12,535 [INFO] sqlalchemy.engine.Engine: [cached since 16.81s ago] (10,)
2026-05-25 14:28:12,540 [INFO] sqlalchemy.engine.Engine: SELECT assignments.stage_id AS assignments_stage_id, assignments.contractor_id AS assignments_contractor_id, assignments.user_id AS assignments_user_id, assignments.name AS assignments_name, assignments.description AS assignments_description, assignments.is_archived AS assignments_is_archived, assignments.id AS assignments_id, assignments.created_at AS assignments_created_at, assignments.updated_at AS assignments_updated_at 
FROM assignments 
WHERE assignments.stage_id IN ($1::INTEGER)
2026-05-25 14:28:12,541 [INFO] sqlalchemy.engine.Engine: [cached since 16.81s ago] (10,)
2026-05-25 14:28:12,546 [INFO] sqlalchemy.engine.Engine: SELECT projects.id AS projects_id, projects.client_id AS projects_client_id, projects.contract_id AS projects_contract_id, projects.name AS projects_name, projects.description AS projects_description, projects.start_date AS projects_start_date, projects.end_date AS projects_end_date, projects.is_archived AS projects_is_archived, projects.created_at AS projects_created_at, projects.updated_at AS projects_updated_at 
FROM projects 
WHERE projects.id IN ($1::INTEGER)
2026-05-25 14:28:12,549 [INFO] sqlalchemy.engine.Engine: [cached since 16.81s ago] (2,)
2026-05-25 14:28:12,554 [INFO] sqlalchemy.engine.Engine: SELECT contracts.id AS contracts_id, contracts.branch_id AS contracts_branch_id, contracts.company_id AS contracts_company_id, contracts.status AS contracts_status, contracts.description AS contracts_description, contracts.number AS contracts_number, contracts.name AS contracts_name, contracts.valid_from AS contracts_valid_from, contracts.valid_to AS contracts_valid_to, contracts.is_archived AS contracts_is_archived, contracts.created_at AS contracts_created_at, contracts.updated_at AS contracts_updated_at 
FROM contracts 
WHERE contracts.id IN ($1::INTEGER)
2026-05-25 14:28:12,554 [INFO] sqlalchemy.engine.Engine: [cached since 16.81s ago] (3,)
2026-05-25 14:28:12,558 [INFO] sqlalchemy.engine.Engine: SELECT clients.id AS clients_id, clients.manager_id AS clients_manager_id, clients.name AS clients_name, clients.email AS clients_email, clients.telephone AS clients_telephone, clients.is_archived AS clients_is_archived, clients.created_at AS clients_created_at, clients.updated_at AS clients_updated_at 
FROM clients 
WHERE clients.id IN ($1::INTEGER)
2026-05-25 14:28:12,560 [INFO] sqlalchemy.engine.Engine: [cached since 16.8s ago] (2,)
2026-05-25 14:28:12,564 [INFO] sqlalchemy.engine.Engine: SELECT companies.id AS companies_id, companies.client_id AS companies_client_id, companies.name AS companies_name, companies.inn AS companies_inn, companies.is_archived AS companies_is_archived, companies.created_at AS companies_created_at, companies.updated_at AS companies_updated_at 
FROM companies 
WHERE companies.id IN ($1::INTEGER)
2026-05-25 14:28:12,565 [INFO] sqlalchemy.engine.Engine: [cached since 16.8s ago] (2,)
2026-05-25 14:28:12,567 [INFO] sqlalchemy.engine.Engine: SELECT users.id AS users_id, users.branch_id AS users_branch_id, users.name AS users_name, users.surname AS users_surname, users.position AS users_position, users.email AS users_email, users.password_hash AS users_password_hash, users.is_active AS users_is_active, users.must_change_password AS users_must_change_password, users.created_at AS users_created_at, users.updated_at AS users_updated_at 
FROM users 
WHERE users.id IN ($1::INTEGER)
2026-05-25 14:28:12,568 [INFO] sqlalchemy.engine.Engine: [cached since 16.79s ago] (13,)
2026-05-25 14:28:12,572 [INFO] sqlalchemy.engine.Engine: SELECT users.branch_id, users.name, users.surname, users.position, users.email, users.password_hash, users.is_active, users.must_change_password, users.id, users.created_at, users.updated_at 
FROM users 
WHERE users.id = $1::INTEGER
2026-05-25 14:28:12,573 [INFO] sqlalchemy.engine.Engine: [cached since 85.05s ago] (7,)
2026-05-25 14:28:12,575 [INFO] sqlalchemy.engine.Engine: SELECT branches.id AS branches_id, branches.name AS branches_name, branches.inn AS branches_inn, branches.is_archived AS branches_is_archived, branches.created_at AS branches_created_at, branches.updated_at AS branches_updated_at 
FROM branches 
WHERE branches.id IN ($1::INTEGER)
2026-05-25 14:28:12,576 [INFO] sqlalchemy.engine.Engine: [cached since 85.03s ago] (10,)
2026-05-25 14:28:12,579 [INFO] sqlalchemy.engine.Engine: SELECT users_1.id AS users_1_id, roles.name AS roles_name, roles.id AS roles_id, roles.created_at AS roles_created_at, roles.updated_at AS roles_updated_at 
FROM users AS users_1 JOIN user_roles AS user_roles_1 ON users_1.id = user_roles_1.user_id JOIN roles ON roles.id = user_roles_1.role_id 
WHERE users_1.id IN ($1::INTEGER)
2026-05-25 14:28:12,580 [INFO] sqlalchemy.engine.Engine: [cached since 85s ago] (7,)
2026-05-25 14:28:12,583 [INFO] sqlalchemy.engine.Engine: SELECT assignments.user_id AS assignments_user_id, assignments.stage_id AS assignments_stage_id, assignments.contractor_id AS assignments_contractor_id, assignments.name AS assignments_name, assignments.description AS assignments_description, assignments.is_archived AS assignments_is_archived, assignments.id AS assignments_id, assignments.created_at AS assignments_created_at, assignments.updated_at AS assignments_updated_at 
FROM assignments 
WHERE assignments.user_id IN ($1::INTEGER)
2026-05-25 14:28:12,584 [INFO] sqlalchemy.engine.Engine: [cached since 85s ago] (7,)
2026-05-25 14:28:12,586 [INFO] sqlalchemy.engine.Engine: SELECT clients.manager_id AS clients_manager_id, clients.name AS clients_name, clients.email AS clients_email, clients.telephone AS clients_telephone, clients.is_archived AS clients_is_archived, clients.id AS clients_id, clients.created_at AS clients_created_at, clients.updated_at AS clients_updated_at 
FROM clients 
WHERE clients.manager_id IN ($1::INTEGER)
2026-05-25 14:28:12,587 [INFO] sqlalchemy.engine.Engine: [cached since 84.99s ago] (7,)
2026-05-25 14:28:12,590 [INFO] app.middleware: POST /email-template/3/render - 200 - 0.067 sec
2026-05-25 14:28:12,591 [INFO] sqlalchemy.engine.Engine: COMMIT
2026-05-25 14:29:24,012 [DEBUG] python_multipart.multipart: Calling on_part_begin with no data
2026-05-25 14:29:24,012 [DEBUG] python_multipart.multipart: Calling on_header_field with data[54:73]
2026-05-25 14:29:24,013 [DEBUG] python_multipart.multipart: Calling on_header_value with data[75:101]
2026-05-25 14:29:24,013 [DEBUG] python_multipart.multipart: Calling on_header_end with no data
2026-05-25 14:29:24,013 [DEBUG] python_multipart.multipart: Calling on_headers_finished with no data
2026-05-25 14:29:24,013 [DEBUG] python_multipart.multipart: Calling on_part_data with data[105:106]
2026-05-25 14:29:24,013 [DEBUG] python_multipart.multipart: Calling on_part_end with no data
2026-05-25 14:29:24,013 [DEBUG] python_multipart.multipart: Calling on_part_begin with no data
2026-05-25 14:29:24,013 [DEBUG] python_multipart.multipart: Calling on_header_field with data[162:181]
2026-05-25 14:29:24,014 [DEBUG] python_multipart.multipart: Calling on_header_value with data[183:203]
2026-05-25 14:29:24,014 [DEBUG] python_multipart.multipart: Calling on_header_end with no data
2026-05-25 14:29:24,014 [DEBUG] python_multipart.multipart: Calling on_headers_finished with no data
2026-05-25 14:29:24,014 [DEBUG] python_multipart.multipart: Calling on_part_data with data[207:227]
2026-05-25 14:29:24,015 [DEBUG] python_multipart.multipart: Calling on_part_end with no data
2026-05-25 14:29:24,015 [DEBUG] python_multipart.multipart: Calling on_part_begin with no data
2026-05-25 14:29:24,015 [DEBUG] python_multipart.multipart: Calling on_header_field with data[283:302]
2026-05-25 14:29:24,015 [DEBUG] python_multipart.multipart: Calling on_header_value with data[304:329]
2026-05-25 14:29:24,015 [DEBUG] python_multipart.multipart: Calling on_header_end with no data
2026-05-25 14:29:24,015 [DEBUG] python_multipart.multipart: Calling on_headers_finished with no data
2026-05-25 14:29:24,015 [DEBUG] python_multipart.multipart: Calling on_part_data with data[333:372]
2026-05-25 14:29:24,015 [DEBUG] python_multipart.multipart: Calling on_part_end with no data
2026-05-25 14:29:24,015 [DEBUG] python_multipart.multipart: Calling on_part_begin with no data
2026-05-25 14:29:24,015 [DEBUG] python_multipart.multipart: Calling on_header_field with data[428:447]
2026-05-25 14:29:24,015 [DEBUG] python_multipart.multipart: Calling on_header_value with data[449:471]
2026-05-25 14:29:24,015 [DEBUG] python_multipart.multipart: Calling on_header_end with no data
2026-05-25 14:29:24,015 [DEBUG] python_multipart.multipart: Calling on_headers_finished with no data
2026-05-25 14:29:24,016 [DEBUG] python_multipart.multipart: Calling on_part_data with data[475:613]
2026-05-25 14:29:24,016 [DEBUG] python_multipart.multipart: Calling on_part_end with no data
2026-05-25 14:29:24,016 [DEBUG] python_multipart.multipart: Calling on_part_begin with no data
2026-05-25 14:29:24,016 [DEBUG] python_multipart.multipart: Calling on_header_field with data[669:688]
2026-05-25 14:29:24,016 [DEBUG] python_multipart.multipart: Calling on_header_value with data[690:742]
2026-05-25 14:29:24,016 [DEBUG] python_multipart.multipart: Calling on_header_end with no data
2026-05-25 14:29:24,016 [DEBUG] python_multipart.multipart: Calling on_header_field with data[744:756]
2026-05-25 14:29:24,016 [DEBUG] python_multipart.multipart: Calling on_header_value with data[758:829]
2026-05-25 14:29:24,016 [DEBUG] python_multipart.multipart: Calling on_header_end with no data
2026-05-25 14:29:24,016 [DEBUG] python_multipart.multipart: Calling on_headers_finished with no data
2026-05-25 14:29:24,017 [DEBUG] python_multipart.multipart: Calling on_part_data with data[0:12988]
2026-05-25 14:29:24,017 [DEBUG] python_multipart.multipart: Calling on_part_end with no data
2026-05-25 14:29:24,017 [DEBUG] python_multipart.multipart: Calling on_part_begin with no data
2026-05-25 14:29:24,017 [DEBUG] python_multipart.multipart: Calling on_header_field with data[56:75]
2026-05-25 14:29:24,017 [DEBUG] python_multipart.multipart: Calling on_header_value with data[77:98]
2026-05-25 14:29:24,018 [DEBUG] python_multipart.multipart: Calling on_header_end with no data
2026-05-25 14:29:24,018 [DEBUG] python_multipart.multipart: Calling on_headers_finished with no data
2026-05-25 14:29:24,018 [DEBUG] python_multipart.multipart: Calling on_part_data with data[102:124]
2026-05-25 14:29:24,018 [DEBUG] python_multipart.multipart: Calling on_part_end with no data
2026-05-25 14:29:24,018 [DEBUG] python_multipart.multipart: Calling on_end with no data
2026-05-25 14:29:24,022 [INFO] sqlalchemy.engine.Engine: BEGIN (implicit)
2026-05-25 14:29:24,024 [INFO] sqlalchemy.engine.Engine: SELECT emails.server, emails.port, emails.login, emails.password, emails.creator_id, emails.owner_id, emails.id, emails.created_at, emails.updated_at 
FROM emails 
WHERE emails.id = $1::INTEGER
2026-05-25 14:29:24,026 [INFO] sqlalchemy.engine.Engine: [cached since 366.6s ago] (4,)
2026-05-25 14:29:24,104 [INFO] sqlalchemy.engine.Engine: INSERT INTO email_logs (status, from_email, "to", cc, bcc, subject, body, files_data, error_message, sent_at, user_id, created_at, updated_at) VALUES ($1::log_status_enum, $2::VARCHAR, $3::VARCHAR[], $4::VARCHAR[], $5::VARCHAR[], $6::VARCHAR, $7::VARCHAR, $8::JSONB[], $9::VARCHAR, $10::TIMESTAMP WITHOUT TIME ZONE, $11::INTEGER, $12::TIMESTAMP WITHOUT TIME ZONE, $13::TIMESTAMP WITHOUT TIME ZONE) RETURNING email_logs.id
2026-05-25 14:29:25,248 [INFO] sqlalchemy.engine.Engine: UPDATE email_logs SET status=$1::log_status_enum, sent_at=$2::TIMESTAMP WITHOUT TIME ZONE, updated_at=$3::TIMESTAMP WITHOUT TIME ZONE WHERE email_logs.id = $4::INTEGER
2026-05-25 14:29:25,250 [INFO] sqlalchemy.engine.Engine: [generated in 0.00222s] ('SENT', datetime.datetime(2026, 5, 25, 11, 29, 25, 246340), datetime.datetime(2026, 5, 25, 11, 29, 25, 248392), 11)
2026-05-25 14:29:25,254 [INFO] sqlalchemy.engine.Engine: COMMIT
2026-05-25 14:29:25,259 [INFO] app.middleware: POST /email - 200 - 1.249 sec
2026-05-25 14:30:07,347 [INFO] sqlalchemy.engine.Engine: BEGIN (implicit)
2026-05-25 14:30:07,359 [INFO] sqlalchemy.engine.Engine: SELECT count(*) AS count_1 
FROM (SELECT DISTINCT document_templates.name AS name, document_templates.description AS description, document_templates.variables AS variables, document_templates.required_entities AS required_entities, document_templates.is_public AS is_public, document_templates.creator_id AS creator_id, document_templates.id AS id, document_templates.created_at AS created_at, document_templates.updated_at AS updated_at 
FROM document_templates JOIN users ON users.id = document_templates.creator_id ORDER BY document_templates.created_at DESC, document_templates.id DESC) AS anon_1
2026-05-25 14:30:07,360 [INFO] sqlalchemy.engine.Engine: [generated in 0.00147s] ()
2026-05-25 14:30:07,382 [INFO] sqlalchemy.engine.Engine: SELECT document_templates.name, document_templates.description, document_templates.variables, document_templates.required_entities, document_templates.is_public, document_templates.creator_id, document_templates.id, document_templates.created_at, document_templates.updated_at 
FROM document_templates JOIN users ON users.id = document_templates.creator_id ORDER BY document_templates.created_at DESC, document_templates.id DESC 
 LIMIT $1::INTEGER OFFSET $2::INTEGER
2026-05-25 14:30:07,383 [INFO] sqlalchemy.engine.Engine: [generated in 0.00107s] (20, 0)
2026-05-25 14:30:07,390 [INFO] app.middleware: GET /doc-template - 200 - 0.087 sec
2026-05-25 14:30:07,394 [INFO] sqlalchemy.engine.Engine: COMMIT
2026-05-25 14:32:25,615 [INFO] app.middleware: GET /template/variables - 200 - 0.005 sec
2026-05-25 14:43:08,764 [DEBUG] python_multipart.multipart: Calling on_part_begin with no data
2026-05-25 14:43:08,765 [DEBUG] python_multipart.multipart: Calling on_header_field with data[54:73]
2026-05-25 14:43:08,765 [DEBUG] python_multipart.multipart: Calling on_header_value with data[75:97]
2026-05-25 14:43:08,765 [DEBUG] python_multipart.multipart: Calling on_header_end with no data
2026-05-25 14:43:08,766 [DEBUG] python_multipart.multipart: Calling on_headers_finished with no data
2026-05-25 14:43:08,766 [DEBUG] python_multipart.multipart: Calling on_part_data with data[101:108]
2026-05-25 14:43:08,766 [DEBUG] python_multipart.multipart: Calling on_part_end with no data
2026-05-25 14:43:08,766 [DEBUG] python_multipart.multipart: Calling on_part_begin with no data
2026-05-25 14:43:08,766 [DEBUG] python_multipart.multipart: Calling on_header_field with data[164:183]
2026-05-25 14:43:08,766 [DEBUG] python_multipart.multipart: Calling on_header_value with data[185:214]
2026-05-25 14:43:08,766 [DEBUG] python_multipart.multipart: Calling on_header_end with no data
2026-05-25 14:43:08,766 [DEBUG] python_multipart.multipart: Calling on_headers_finished with no data
2026-05-25 14:43:08,766 [DEBUG] python_multipart.multipart: Calling on_part_data with data[218:252]
2026-05-25 14:43:08,767 [DEBUG] python_multipart.multipart: Calling on_part_end with no data
2026-05-25 14:43:08,767 [DEBUG] python_multipart.multipart: Calling on_part_begin with no data
2026-05-25 14:43:08,767 [DEBUG] python_multipart.multipart: Calling on_header_field with data[308:327]
2026-05-25 14:43:08,767 [DEBUG] python_multipart.multipart: Calling on_header_value with data[329:356]
2026-05-25 14:43:08,767 [DEBUG] python_multipart.multipart: Calling on_header_end with no data
2026-05-25 14:43:08,767 [DEBUG] python_multipart.multipart: Calling on_headers_finished with no data
2026-05-25 14:43:08,767 [DEBUG] python_multipart.multipart: Calling on_part_data with data[360:364]
2026-05-25 14:43:08,767 [DEBUG] python_multipart.multipart: Calling on_part_end with no data
2026-05-25 14:43:08,767 [DEBUG] python_multipart.multipart: Calling on_part_begin with no data
2026-05-25 14:43:08,767 [DEBUG] python_multipart.multipart: Calling on_header_field with data[420:439]
2026-05-25 14:43:08,768 [DEBUG] python_multipart.multipart: Calling on_header_value with data[441:476]
2026-05-25 14:43:08,768 [DEBUG] python_multipart.multipart: Calling on_header_end with no data
2026-05-25 14:43:08,768 [DEBUG] python_multipart.multipart: Calling on_headers_finished with no data
2026-05-25 14:43:08,768 [DEBUG] python_multipart.multipart: Calling on_part_data with data[480:497]
2026-05-25 14:43:08,768 [DEBUG] python_multipart.multipart: Calling on_part_end with no data
2026-05-25 14:43:08,768 [DEBUG] python_multipart.multipart: Calling on_part_begin with no data
2026-05-25 14:43:08,768 [DEBUG] python_multipart.multipart: Calling on_header_field with data[553:572]
2026-05-25 14:43:08,769 [DEBUG] python_multipart.multipart: Calling on_header_value with data[574:622]
2026-05-25 14:43:08,769 [DEBUG] python_multipart.multipart: Calling on_header_end with no data
2026-05-25 14:43:08,769 [DEBUG] python_multipart.multipart: Calling on_header_field with data[624:636]
2026-05-25 14:43:08,769 [DEBUG] python_multipart.multipart: Calling on_header_value with data[638:709]
2026-05-25 14:43:08,769 [DEBUG] python_multipart.multipart: Calling on_header_end with no data
2026-05-25 14:43:08,769 [DEBUG] python_multipart.multipart: Calling on_headers_finished with no data
2026-05-25 14:43:08,770 [DEBUG] python_multipart.multipart: Calling on_part_data with data[713:13473]
2026-05-25 14:43:08,770 [DEBUG] python_multipart.multipart: Calling on_part_end with no data
2026-05-25 14:43:08,770 [DEBUG] python_multipart.multipart: Calling on_end with no data
2026-05-25 14:43:08,801 [INFO] sqlalchemy.engine.Engine: BEGIN (implicit)
2026-05-25 14:43:08,812 [INFO] sqlalchemy.engine.Engine: SELECT document_templates.name, document_templates.description, document_templates.variables, document_templates.required_entities, document_templates.is_public, document_templates.creator_id, document_templates.id, document_templates.created_at, document_templates.updated_at 
FROM document_templates 
WHERE document_templates.name = $1::VARCHAR
2026-05-25 14:43:08,813 [INFO] sqlalchemy.engine.Engine: [generated in 0.00170s] ('Testing',)
2026-05-25 14:43:08,841 [INFO] sqlalchemy.engine.Engine: INSERT INTO document_templates (name, description, variables, required_entities, is_public, creator_id, created_at, updated_at) VALUES ($1::VARCHAR, $2::VARCHAR, $3::VARCHAR(255)[], $4::VARCHAR(255)[], $5::BOOLEAN, $6::INTEGER, $7::TIMESTAMP WITHOUT TIME ZONE, $8::TIMESTAMP WITHOUT TIME ZONE) RETURNING document_templates.id
2026-05-25 14:43:08,843 [INFO] sqlalchemy.engine.Engine: [generated in 0.00283s] ('Testing', 'Testing doc-template possibilities', None, ['[project, client]'], True, 7, datetime.datetime(2026, 5, 25, 11, 43, 8, 840859), datetime.datetime(2026, 5, 25, 11, 43, 8, 840922))
2026-05-25 14:43:08,884 [INFO] sqlalchemy.engine.Engine: INSERT INTO files (creator_id, client_id, project_id, template_id, name, unique_name, path, size, mime_type, created_at, updated_at) VALUES ($1::INTEGER, $2::INTEGER, $3::INTEGER, $4::INTEGER, $5::VARCHAR, $6::VARCHAR, $7::VARCHAR, $8::BIGINT, $9::VARCHAR, $10::TIMESTAMP WITHOUT TIME ZONE, $11::TIMESTAMP WITHOUT TIME ZONE) RETURNING files.id
2026-05-25 14:43:08,885 [INFO] sqlalchemy.engine.Engine: [cached since 1415s ago] (7, None, None, None, 'template.docx', 'ecd837d9a6084c098adfdcb3142dbb.docx', './uploads\\ecd837d9a6084c098adfdcb3142dbb.docx', 12760, 'application/vnd.openxmlformats-officedocument.wordprocessingml.document', datetime.datetime(2026, 5, 25, 11, 43, 8, 884651), datetime.datetime(2026, 5, 25, 11, 43, 8, 884664))
2026-05-25 14:43:09,011 [INFO] app.middleware: POST /doc-template - 200 - 0.252 sec
2026-05-25 14:43:09,018 [INFO] sqlalchemy.engine.Engine: UPDATE document_templates SET variables=$1::VARCHAR(255)[], updated_at=$2::TIMESTAMP WITHOUT TIME ZONE WHERE document_templates.id = $3::INTEGER
2026-05-25 14:43:09,022 [INFO] sqlalchemy.engine.Engine: [generated in 0.00473s] ([], datetime.datetime(2026, 5, 25, 11, 43, 9, 17951), 1)
2026-05-25 14:43:09,030 [INFO] sqlalchemy.engine.Engine: UPDATE files SET template_id=$1::INTEGER, updated_at=$2::TIMESTAMP WITHOUT TIME ZONE WHERE files.id = $3::INTEGER
2026-05-25 14:43:09,033 [INFO] sqlalchemy.engine.Engine: [generated in 0.00288s] (1, datetime.datetime(2026, 5, 25, 11, 43, 9, 30643), 6)
2026-05-25 14:43:09,038 [INFO] sqlalchemy.engine.Engine: COMMIT
2026-05-25 14:43:17,850 [INFO] sqlalchemy.engine.Engine: BEGIN (implicit)
2026-05-25 14:43:17,852 [INFO] sqlalchemy.engine.Engine: SELECT count(*) AS count_1 
FROM (SELECT DISTINCT document_templates.name AS name, document_templates.description AS description, document_templates.variables AS variables, document_templates.required_entities AS required_entities, document_templates.is_public AS is_public, document_templates.creator_id AS creator_id, document_templates.id AS id, document_templates.created_at AS created_at, document_templates.updated_at AS updated_at 
FROM document_templates JOIN users ON users.id = document_templates.creator_id ORDER BY document_templates.created_at DESC, document_templates.id DESC) AS anon_1
2026-05-25 14:43:17,853 [INFO] sqlalchemy.engine.Engine: [cached since 790.5s ago] ()
2026-05-25 14:43:17,858 [INFO] sqlalchemy.engine.Engine: SELECT document_templates.name, document_templates.description, document_templates.variables, document_templates.required_entities, document_templates.is_public, document_templates.creator_id, document_templates.id, document_templates.created_at, document_templates.updated_at 
FROM document_templates JOIN users ON users.id = document_templates.creator_id ORDER BY document_templates.created_at DESC, document_templates.id DESC 
 LIMIT $1::INTEGER OFFSET $2::INTEGER
2026-05-25 14:43:17,861 [INFO] sqlalchemy.engine.Engine: [cached since 790.5s ago] (20, 0)
2026-05-25 14:43:17,873 [INFO] sqlalchemy.engine.Engine: SELECT users.id AS users_id, users.branch_id AS users_branch_id, users.name AS users_name, users.surname AS users_surname, users.position AS users_position, users.email AS users_email, users.password_hash AS users_password_hash, users.is_active AS users_is_active, users.must_change_password AS users_must_change_password, users.created_at AS users_created_at, users.updated_at AS users_updated_at 
FROM users 
WHERE users.id IN ($1::INTEGER)
2026-05-25 14:43:17,874 [INFO] sqlalchemy.engine.Engine: [generated in 0.00177s] (7,)
2026-05-25 14:43:17,879 [INFO] app.middleware: GET /doc-template - 200 - 0.036 sec
2026-05-25 14:43:17,883 [INFO] sqlalchemy.engine.Engine: COMMIT
2026-05-25 14:43:24,843 [INFO] sqlalchemy.engine.Engine: BEGIN (implicit)
2026-05-25 14:43:24,847 [INFO] sqlalchemy.engine.Engine: SELECT document_templates.name, document_templates.description, document_templates.variables, document_templates.required_entities, document_templates.is_public, document_templates.creator_id, document_templates.id, document_templates.created_at, document_templates.updated_at 
FROM document_templates 
WHERE document_templates.id = $1::INTEGER
2026-05-25 14:43:24,848 [INFO] sqlalchemy.engine.Engine: [generated in 0.00087s] (1,)
2026-05-25 14:43:24,856 [INFO] sqlalchemy.engine.Engine: SELECT files.template_id AS files_template_id, files.creator_id AS files_creator_id, files.client_id AS files_client_id, files.project_id AS files_project_id, files.name AS files_name, files.unique_name AS files_unique_name, files.path AS files_path, files.size AS files_size, files.mime_type AS files_mime_type, files.id AS files_id, files.created_at AS files_created_at, files.updated_at AS files_updated_at 
FROM files 
WHERE files.template_id IN ($1::INTEGER)
2026-05-25 14:43:24,859 [INFO] sqlalchemy.engine.Engine: [generated in 0.00334s] (1,)
2026-05-25 14:43:24,903 [INFO] sqlalchemy.engine.Engine: SELECT users.id AS users_id, users.branch_id AS users_branch_id, users.name AS users_name, users.surname AS users_surname, users.position AS users_position, users.email AS users_email, users.password_hash AS users_password_hash, users.is_active AS users_is_active, users.must_change_password AS users_must_change_password, users.created_at AS users_created_at, users.updated_at AS users_updated_at 
FROM users 
WHERE users.id IN ($1::INTEGER)
2026-05-25 14:43:24,905 [INFO] sqlalchemy.engine.Engine: [generated in 0.00151s] (7,)
2026-05-25 14:43:24,947 [INFO] sqlalchemy.engine.Engine: ROLLBACK
2026-05-25 14:43:24,954 [INFO] app.middleware: GET /doc-template/1 - 500 - 0.115 sec
2026-05-25 14:51:28,901 [INFO] app.middleware: GET /doc-template/1 - 401 - 0.007 sec
2026-05-25 14:51:37,364 [INFO] sqlalchemy.engine.Engine: select pg_catalog.version()
2026-05-25 14:51:37,365 [INFO] sqlalchemy.engine.Engine: [raw sql] ()
2026-05-25 14:51:37,374 [INFO] sqlalchemy.engine.Engine: select current_schema()
2026-05-25 14:51:37,378 [INFO] sqlalchemy.engine.Engine: [raw sql] ()
2026-05-25 14:51:37,386 [INFO] sqlalchemy.engine.Engine: show standard_conforming_strings
2026-05-25 14:51:37,387 [INFO] sqlalchemy.engine.Engine: [raw sql] ()
2026-05-25 14:51:37,391 [INFO] sqlalchemy.engine.Engine: BEGIN (implicit)
2026-05-25 14:51:37,493 [INFO] sqlalchemy.engine.Engine: SELECT refresh_tokens.jti, refresh_tokens.device, refresh_tokens.is_active, refresh_tokens.exp, refresh_tokens.user_id, refresh_tokens.id, refresh_tokens.created_at, refresh_tokens.updated_at 
FROM refresh_tokens 
WHERE refresh_tokens.jti = $1::VARCHAR FOR UPDATE
2026-05-25 14:51:37,495 [INFO] sqlalchemy.engine.Engine: [generated in 0.00153s] ('13a525d7-4e2b-48f9-9591-3a844336f752',)
2026-05-25 14:51:37,531 [INFO] sqlalchemy.engine.Engine: SELECT users.branch_id, users.name, users.surname, users.position, users.email, users.password_hash, users.is_active, users.must_change_password, users.id, users.created_at, users.updated_at 
FROM users 
WHERE users.id = $1::INTEGER
2026-05-25 14:51:37,533 [INFO] sqlalchemy.engine.Engine: [generated in 0.00231s] (7,)
2026-05-25 14:51:37,552 [INFO] sqlalchemy.engine.Engine: SELECT branches.id AS branches_id, branches.name AS branches_name, branches.inn AS branches_inn, branches.is_archived AS branches_is_archived, branches.created_at AS branches_created_at, branches.updated_at AS branches_updated_at 
FROM branches 
WHERE branches.id IN ($1::INTEGER)
2026-05-25 14:51:37,554 [INFO] sqlalchemy.engine.Engine: [generated in 0.00240s] (10,)
2026-05-25 14:51:37,577 [INFO] sqlalchemy.engine.Engine: SELECT users_1.id AS users_1_id, roles.name AS roles_name, roles.id AS roles_id, roles.created_at AS roles_created_at, roles.updated_at AS roles_updated_at 
FROM users AS users_1 JOIN user_roles AS user_roles_1 ON users_1.id = user_roles_1.user_id JOIN roles ON roles.id = user_roles_1.role_id 
WHERE users_1.id IN ($1::INTEGER)
2026-05-25 14:51:37,578 [INFO] sqlalchemy.engine.Engine: [generated in 0.00108s] (7,)
2026-05-25 14:51:37,602 [INFO] sqlalchemy.engine.Engine: SELECT assignments.user_id AS assignments_user_id, assignments.stage_id AS assignments_stage_id, assignments.contractor_id AS assignments_contractor_id, assignments.name AS assignments_name, assignments.description AS assignments_description, assignments.is_archived AS assignments_is_archived, assignments.id AS assignments_id, assignments.created_at AS assignments_created_at, assignments.updated_at AS assignments_updated_at 
FROM assignments 
WHERE assignments.user_id IN ($1::INTEGER)
2026-05-25 14:51:37,603 [INFO] sqlalchemy.engine.Engine: [generated in 0.00216s] (7,)
2026-05-25 14:51:37,624 [INFO] sqlalchemy.engine.Engine: SELECT clients.manager_id AS clients_manager_id, clients.name AS clients_name, clients.email AS clients_email, clients.telephone AS clients_telephone, clients.is_archived AS clients_is_archived, clients.id AS clients_id, clients.created_at AS clients_created_at, clients.updated_at AS clients_updated_at 
FROM clients 
WHERE clients.manager_id IN ($1::INTEGER)
2026-05-25 14:51:37,625 [INFO] sqlalchemy.engine.Engine: [generated in 0.00112s] (7,)
2026-05-25 14:51:37,704 [INFO] sqlalchemy.engine.Engine: UPDATE refresh_tokens SET is_active=$1::BOOLEAN, updated_at=$2::TIMESTAMP WITHOUT TIME ZONE WHERE refresh_tokens.id = $3::INTEGER
2026-05-25 14:51:37,705 [INFO] sqlalchemy.engine.Engine: [generated in 0.00151s] (False, datetime.datetime(2026, 5, 25, 11, 51, 37, 704439), 31)
2026-05-25 14:51:37,714 [INFO] sqlalchemy.engine.Engine: INSERT INTO refresh_tokens (jti, device, is_active, exp, user_id, created_at, updated_at) VALUES ($1::VARCHAR, $2::VARCHAR, $3::BOOLEAN, $4::TIMESTAMP WITH TIME ZONE, $5::INTEGER, $6::TIMESTAMP WITHOUT TIME ZONE, $7::TIMESTAMP WITHOUT TIME ZONE) RETURNING refresh_tokens.id
2026-05-25 14:51:37,723 [INFO] sqlalchemy.engine.Engine: [generated in 0.00887s] ('1bf5b233-f4a5-47b6-8ef1-65e78cb6aceb', 'PostmanRuntime/7.51.1', True, datetime.datetime(2026, 5, 28, 11, 51, 37, 701012, tzinfo=datetime.timezone.utc), 7, datetime.datetime(2026, 5, 25, 11, 51, 37, 713904), datetime.datetime(2026, 5, 25, 11, 51, 37, 713913))
2026-05-25 14:51:37,742 [INFO] app.middleware: POST /auth/refresh - 200 - 0.646 sec
2026-05-25 14:51:37,744 [INFO] sqlalchemy.engine.Engine: COMMIT
2026-05-25 14:51:46,448 [INFO] sqlalchemy.engine.Engine: BEGIN (implicit)
2026-05-25 14:51:46,451 [INFO] sqlalchemy.engine.Engine: SELECT document_templates.name, document_templates.description, document_templates.variables, document_templates.required_entities, document_templates.is_public, document_templates.creator_id, document_templates.id, document_templates.created_at, document_templates.updated_at 
FROM document_templates 
WHERE document_templates.id = $1::INTEGER
2026-05-25 14:51:46,452 [INFO] sqlalchemy.engine.Engine: [generated in 0.00084s] (1,)
2026-05-25 14:51:46,464 [INFO] sqlalchemy.engine.Engine: SELECT files.template_id AS files_template_id, files.creator_id AS files_creator_id, files.client_id AS files_client_id, files.project_id AS files_project_id, files.name AS files_name, files.unique_name AS files_unique_name, files.path AS files_path, files.size AS files_size, files.mime_type AS files_mime_type, files.id AS files_id, files.created_at AS files_created_at, files.updated_at AS files_updated_at 
FROM files 
WHERE files.template_id IN ($1::INTEGER)
2026-05-25 14:51:46,464 [INFO] sqlalchemy.engine.Engine: [generated in 0.00052s] (1,)
2026-05-25 14:51:46,485 [INFO] sqlalchemy.engine.Engine: SELECT users.id AS users_id, users.branch_id AS users_branch_id, users.name AS users_name, users.surname AS users_surname, users.position AS users_position, users.email AS users_email, users.password_hash AS users_password_hash, users.is_active AS users_is_active, users.must_change_password AS users_must_change_password, users.created_at AS users_created_at, users.updated_at AS users_updated_at 
FROM users 
WHERE users.id IN ($1::INTEGER)
2026-05-25 14:51:46,487 [INFO] sqlalchemy.engine.Engine: [generated in 0.00230s] (7,)
2026-05-25 14:51:46,493 [INFO] app.middleware: GET /doc-template/1 - 200 - 0.049 sec
2026-05-25 14:51:46,496 [INFO] sqlalchemy.engine.Engine: COMMIT
2026-05-25 14:52:05,332 [INFO] sqlalchemy.engine.Engine: BEGIN (implicit)
2026-05-25 14:52:05,338 [INFO] sqlalchemy.engine.Engine: SELECT count(*) AS count_1 
FROM (SELECT DISTINCT generated_documents.creator_id AS creator_id, generated_documents.template_id AS template_id, generated_documents.file_id AS file_id, generated_documents.id AS id, generated_documents.created_at AS created_at, generated_documents.updated_at AS updated_at 
FROM generated_documents 
WHERE generated_documents.creator_id = $1::INTEGER ORDER BY generated_documents.created_at DESC, generated_documents.id DESC) AS anon_1
2026-05-25 14:52:05,354 [INFO] sqlalchemy.engine.Engine: [generated in 0.01581s] (7,)
2026-05-25 14:52:05,377 [INFO] sqlalchemy.engine.Engine: SELECT generated_documents.creator_id, generated_documents.template_id, generated_documents.file_id, generated_documents.id, generated_documents.created_at, generated_documents.updated_at 
FROM generated_documents 
WHERE generated_documents.creator_id = $1::INTEGER ORDER BY generated_documents.created_at DESC, generated_documents.id DESC 
 LIMIT $2::INTEGER OFFSET $3::INTEGER
2026-05-25 14:52:05,387 [INFO] sqlalchemy.engine.Engine: [generated in 0.01034s] (7, 20, 0)
2026-05-25 14:52:05,404 [INFO] app.middleware: GET /generated-docs - 200 - 0.092 sec
2026-05-25 14:52:05,414 [INFO] sqlalchemy.engine.Engine: COMMIT
2026-05-25 14:53:43,019 [INFO] sqlalchemy.engine.Engine: BEGIN (implicit)
2026-05-25 14:53:43,020 [INFO] sqlalchemy.engine.Engine: SELECT document_templates.name, document_templates.description, document_templates.variables, document_templates.required_entities, document_templates.is_public, document_templates.creator_id, document_templates.id, document_templates.created_at, document_templates.updated_at 
FROM document_templates 
WHERE document_templates.id = $1::INTEGER
2026-05-25 14:53:43,020 [INFO] sqlalchemy.engine.Engine: [cached since 116.6s ago] (1,)
2026-05-25 14:53:43,023 [INFO] sqlalchemy.engine.Engine: SELECT files.template_id AS files_template_id, files.creator_id AS files_creator_id, files.client_id AS files_client_id, files.project_id AS files_project_id, files.name AS files_name, files.unique_name AS files_unique_name, files.path AS files_path, files.size AS files_size, files.mime_type AS files_mime_type, files.id AS files_id, files.created_at AS files_created_at, files.updated_at AS files_updated_at 
FROM files 
WHERE files.template_id IN ($1::INTEGER)
2026-05-25 14:53:43,023 [INFO] sqlalchemy.engine.Engine: [cached since 116.6s ago] (1,)
2026-05-25 14:53:43,025 [INFO] sqlalchemy.engine.Engine: SELECT users.id AS users_id, users.branch_id AS users_branch_id, users.name AS users_name, users.surname AS users_surname, users.position AS users_position, users.email AS users_email, users.password_hash AS users_password_hash, users.is_active AS users_is_active, users.must_change_password AS users_must_change_password, users.created_at AS users_created_at, users.updated_at AS users_updated_at 
FROM users 
WHERE users.id IN ($1::INTEGER)
2026-05-25 14:53:43,025 [INFO] sqlalchemy.engine.Engine: [cached since 116.5s ago] (7,)
2026-05-25 14:53:43,041 [INFO] sqlalchemy.engine.Engine: SELECT projects.client_id, projects.contract_id, projects.name, projects.description, projects.start_date, projects.end_date, projects.is_archived, projects.id, projects.created_at, projects.updated_at 
FROM projects JOIN clients ON clients.id = projects.client_id 
WHERE projects.id = $1::INTEGER
2026-05-25 14:53:43,042 [INFO] sqlalchemy.engine.Engine: [generated in 0.00067s] (2,)
2026-05-25 14:53:43,055 [INFO] sqlalchemy.engine.Engine: SELECT contracts.id AS contracts_id, contracts.branch_id AS contracts_branch_id, contracts.company_id AS contracts_company_id, contracts.status AS contracts_status, contracts.description AS contracts_description, contracts.number AS contracts_number, contracts.name AS contracts_name, contracts.valid_from AS contracts_valid_from, contracts.valid_to AS contracts_valid_to, contracts.is_archived AS contracts_is_archived, contracts.created_at AS contracts_created_at, contracts.updated_at AS contracts_updated_at 
FROM contracts 
WHERE contracts.id IN ($1::INTEGER)
2026-05-25 14:53:43,055 [INFO] sqlalchemy.engine.Engine: [generated in 0.00075s] (3,)
2026-05-25 14:53:43,198 [INFO] sqlalchemy.engine.Engine: SELECT stages.project_id AS stages_project_id, stages.name AS stages_name, stages.position AS stages_position, stages.description AS stages_description, stages.start_date AS stages_start_date, stages.end_date AS stages_end_date, stages.is_archived AS stages_is_archived, stages.id AS stages_id, stages.created_at AS stages_created_at, stages.updated_at AS stages_updated_at 
FROM stages 
WHERE stages.project_id IN ($1::INTEGER) ORDER BY stages.position
2026-05-25 14:53:43,199 [INFO] sqlalchemy.engine.Engine: [generated in 0.00126s] (2,)
2026-05-25 14:53:43,214 [INFO] sqlalchemy.engine.Engine: SELECT files.project_id AS files_project_id, files.creator_id AS files_creator_id, files.client_id AS files_client_id, files.template_id AS files_template_id, files.name AS files_name, files.unique_name AS files_unique_name, files.path AS files_path, files.size AS files_size, files.mime_type AS files_mime_type, files.id AS files_id, files.created_at AS files_created_at, files.updated_at AS files_updated_at 
FROM files 
WHERE files.project_id IN ($1::INTEGER)
2026-05-25 14:53:43,215 [INFO] sqlalchemy.engine.Engine: [generated in 0.00196s] (2,)
2026-05-25 14:53:43,222 [INFO] sqlalchemy.engine.Engine: SELECT clients.id AS clients_id, clients.manager_id AS clients_manager_id, clients.name AS clients_name, clients.email AS clients_email, clients.telephone AS clients_telephone, clients.is_archived AS clients_is_archived, clients.created_at AS clients_created_at, clients.updated_at AS clients_updated_at 
FROM clients 
WHERE clients.id IN ($1::INTEGER)
2026-05-25 14:53:43,223 [INFO] sqlalchemy.engine.Engine: [generated in 0.00087s] (2,)
2026-05-25 14:53:43,234 [INFO] sqlalchemy.engine.Engine: SELECT companies.id AS companies_id, companies.client_id AS companies_client_id, companies.name AS companies_name, companies.inn AS companies_inn, companies.is_archived AS companies_is_archived, companies.created_at AS companies_created_at, companies.updated_at AS companies_updated_at 
FROM companies 
WHERE companies.id IN ($1::INTEGER)
2026-05-25 14:53:43,235 [INFO] sqlalchemy.engine.Engine: [generated in 0.00100s] (2,)
2026-05-25 14:53:43,252 [INFO] sqlalchemy.engine.Engine: SELECT users.id AS users_id, users.branch_id AS users_branch_id, users.name AS users_name, users.surname AS users_surname, users.position AS users_position, users.email AS users_email, users.password_hash AS users_password_hash, users.is_active AS users_is_active, users.must_change_password AS users_must_change_password, users.created_at AS users_created_at, users.updated_at AS users_updated_at 
FROM users 
WHERE users.id IN ($1::INTEGER)
2026-05-25 14:53:43,252 [INFO] sqlalchemy.engine.Engine: [generated in 0.00077s] (13,)
2026-05-25 14:53:43,314 [INFO] sqlalchemy.engine.Engine: INSERT INTO files (creator_id, client_id, project_id, template_id, name, unique_name, path, size, mime_type, created_at, updated_at) VALUES ($1::INTEGER, $2::INTEGER, $3::INTEGER, $4::INTEGER, $5::VARCHAR, $6::VARCHAR, $7::VARCHAR, $8::BIGINT, $9::VARCHAR, $10::TIMESTAMP WITHOUT TIME ZONE, $11::TIMESTAMP WITHOUT TIME ZONE) RETURNING files.id
2026-05-25 14:53:43,315 [INFO] sqlalchemy.engine.Engine: [generated in 0.00141s] (7, None, None, None, 'Testing.docx', '88250e63c9ce4d2d9016e5dedcc7a08a.docx', './uploads\\88250e63c9ce4d2d9016e5dedcc7a08a.docx', 10751, 'application/vnd.openxmlformats-officedocument.wordprocessingml.document', datetime.datetime(2026, 5, 25, 11, 53, 43, 314480), datetime.datetime(2026, 5, 25, 11, 53, 43, 314492))
2026-05-25 14:53:43,327 [INFO] sqlalchemy.engine.Engine: INSERT INTO generated_documents (creator_id, template_id, file_id, created_at, updated_at) VALUES ($1::INTEGER, $2::INTEGER, $3::INTEGER, $4::TIMESTAMP WITHOUT TIME ZONE, $5::TIMESTAMP WITHOUT TIME ZONE) RETURNING generated_documents.id
2026-05-25 14:53:43,336 [INFO] sqlalchemy.engine.Engine: [generated in 0.00895s] (7, 1, 7, datetime.datetime(2026, 5, 25, 11, 53, 43, 327195), datetime.datetime(2026, 5, 25, 11, 53, 43, 327206))
2026-05-25 14:53:43,345 [INFO] app.middleware: POST /doc-template/1/render - 200 - 0.330 sec
2026-05-25 14:53:43,349 [INFO] sqlalchemy.engine.Engine: COMMIT
2026-05-25 14:54:00,737 [INFO] sqlalchemy.engine.Engine: BEGIN (implicit)
2026-05-25 14:54:00,738 [INFO] sqlalchemy.engine.Engine: SELECT count(*) AS count_1 
FROM (SELECT DISTINCT generated_documents.creator_id AS creator_id, generated_documents.template_id AS template_id, generated_documents.file_id AS file_id, generated_documents.id AS id, generated_documents.created_at AS created_at, generated_documents.updated_at AS updated_at 
FROM generated_documents 
WHERE generated_documents.creator_id = $1::INTEGER ORDER BY generated_documents.created_at DESC, generated_documents.id DESC) AS anon_1
2026-05-25 14:54:00,738 [INFO] sqlalchemy.engine.Engine: [cached since 115.4s ago] (7,)
2026-05-25 14:54:00,740 [INFO] sqlalchemy.engine.Engine: SELECT generated_documents.creator_id, generated_documents.template_id, generated_documents.file_id, generated_documents.id, generated_documents.created_at, generated_documents.updated_at 
FROM generated_documents 
WHERE generated_documents.creator_id = $1::INTEGER ORDER BY generated_documents.created_at DESC, generated_documents.id DESC 
 LIMIT $2::INTEGER OFFSET $3::INTEGER
2026-05-25 14:54:00,741 [INFO] sqlalchemy.engine.Engine: [cached since 115.4s ago] (7, 20, 0)
2026-05-25 14:54:00,744 [INFO] sqlalchemy.engine.Engine: SELECT files.id AS files_id, files.creator_id AS files_creator_id, files.client_id AS files_client_id, files.project_id AS files_project_id, files.template_id AS files_template_id, files.name AS files_name, files.unique_name AS files_unique_name, files.path AS files_path, files.size AS files_size, files.mime_type AS files_mime_type, files.created_at AS files_created_at, files.updated_at AS files_updated_at 
FROM files 
WHERE files.id IN ($1::INTEGER)
2026-05-25 14:54:00,744 [INFO] sqlalchemy.engine.Engine: [generated in 0.00050s] (7,)
2026-05-25 14:54:00,747 [INFO] app.middleware: GET /generated-docs - 200 - 0.012 sec
2026-05-25 14:54:00,749 [INFO] sqlalchemy.engine.Engine: COMMIT
2026-05-25 14:55:41,412 [INFO] sqlalchemy.engine.Engine: BEGIN (implicit)
2026-05-25 14:55:41,421 [INFO] sqlalchemy.engine.Engine: SELECT files.creator_id, files.client_id, files.project_id, files.template_id, files.name, files.unique_name, files.path, files.size, files.mime_type, files.id, files.created_at, files.updated_at 
FROM files 
WHERE files.id = $1::INTEGER
2026-05-25 14:55:41,427 [INFO] sqlalchemy.engine.Engine: [generated in 0.00579s] (7,)
2026-05-25 14:55:41,437 [INFO] sqlalchemy.engine.Engine: SELECT users.id AS users_id, users.branch_id AS users_branch_id, users.name AS users_name, users.surname AS users_surname, users.position AS users_position, users.email AS users_email, users.password_hash AS users_password_hash, users.is_active AS users_is_active, users.must_change_password AS users_must_change_password, users.created_at AS users_created_at, users.updated_at AS users_updated_at 
FROM users 
WHERE users.id IN ($1::INTEGER)
2026-05-25 14:55:41,438 [INFO] sqlalchemy.engine.Engine: [generated in 0.00217s] (7,)
2026-05-25 14:55:41,448 [INFO] sqlalchemy.engine.Engine: SELECT generated_documents.creator_id AS generated_documents_creator_id, generated_documents.template_id AS generated_documents_template_id, generated_documents.file_id AS generated_documents_file_id, generated_documents.id AS generated_documents_id, generated_documents.created_at AS generated_documents_created_at, generated_documents.updated_at AS generated_documents_updated_at 
FROM generated_documents 
WHERE $1::INTEGER = generated_documents.file_id
2026-05-25 14:55:41,450 [INFO] sqlalchemy.engine.Engine: [generated in 0.00189s] (7,)
2026-05-25 14:55:41,453 [INFO] sqlalchemy.engine.Engine: ROLLBACK
2026-05-25 14:55:41,456 [INFO] app.middleware: GET /files/7/download - 500 - 0.053 sec
2026-05-25 14:59:29,117 [INFO] sqlalchemy.engine.Engine: select pg_catalog.version()
2026-05-25 14:59:29,118 [INFO] sqlalchemy.engine.Engine: [raw sql] ()
2026-05-25 14:59:29,124 [INFO] sqlalchemy.engine.Engine: select current_schema()
2026-05-25 14:59:29,124 [INFO] sqlalchemy.engine.Engine: [raw sql] ()
2026-05-25 14:59:29,130 [INFO] sqlalchemy.engine.Engine: show standard_conforming_strings
2026-05-25 14:59:29,140 [INFO] sqlalchemy.engine.Engine: [raw sql] ()
2026-05-25 14:59:29,146 [INFO] sqlalchemy.engine.Engine: BEGIN (implicit)
2026-05-25 14:59:29,157 [INFO] sqlalchemy.engine.Engine: SELECT generated_documents.creator_id, generated_documents.template_id, generated_documents.file_id, generated_documents.id, generated_documents.created_at, generated_documents.updated_at 
FROM generated_documents 
WHERE generated_documents.id = $1::INTEGER
2026-05-25 14:59:29,159 [INFO] sqlalchemy.engine.Engine: [generated in 0.00202s] (1,)
2026-05-25 14:59:29,185 [INFO] sqlalchemy.engine.Engine: SELECT document_templates.id AS document_templates_id, document_templates.name AS document_templates_name, document_templates.description AS document_templates_description, document_templates.variables AS document_templates_variables, document_templates.required_entities AS document_templates_required_entities, document_templates.is_public AS document_templates_is_public, document_templates.creator_id AS document_templates_creator_id, document_templates.created_at AS document_templates_created_at, document_templates.updated_at AS document_templates_updated_at 
FROM document_templates 
WHERE document_templates.id IN ($1::INTEGER)
2026-05-25 14:59:29,186 [INFO] sqlalchemy.engine.Engine: [generated in 0.00150s] (1,)
2026-05-25 14:59:29,246 [INFO] sqlalchemy.engine.Engine: SELECT files.id AS files_id, files.creator_id AS files_creator_id, files.client_id AS files_client_id, files.project_id AS files_project_id, files.template_id AS files_template_id, files.name AS files_name, files.unique_name AS files_unique_name, files.path AS files_path, files.size AS files_size, files.mime_type AS files_mime_type, files.created_at AS files_created_at, files.updated_at AS files_updated_at 
FROM files 
WHERE files.id IN ($1::INTEGER)
2026-05-25 14:59:29,247 [INFO] sqlalchemy.engine.Engine: [generated in 0.00125s] (7,)
2026-05-25 14:59:29,272 [INFO] sqlalchemy.engine.Engine: SELECT users.id AS users_id, users.branch_id AS users_branch_id, users.name AS users_name, users.surname AS users_surname, users.position AS users_position, users.email AS users_email, users.password_hash AS users_password_hash, users.is_active AS users_is_active, users.must_change_password AS users_must_change_password, users.created_at AS users_created_at, users.updated_at AS users_updated_at 
FROM users 
WHERE users.id IN ($1::INTEGER)
2026-05-25 14:59:29,273 [INFO] sqlalchemy.engine.Engine: [generated in 0.00146s] (7,)
2026-05-25 14:59:29,292 [INFO] sqlalchemy.engine.Engine: SELECT emails.server, emails.port, emails.login, emails.password, emails.creator_id, emails.owner_id, emails.id, emails.created_at, emails.updated_at 
FROM emails 
WHERE emails.id = $1::INTEGER
2026-05-25 14:59:29,293 [INFO] sqlalchemy.engine.Engine: [generated in 0.00174s] (4,)
2026-05-25 14:59:29,365 [INFO] sqlalchemy.engine.Engine: INSERT INTO email_logs (status, from_email, "to", cc, bcc, subject, body, files_data, error_message, sent_at, user_id, created_at, updated_at) VALUES ($1::log_status_enum, $2::VARCHAR, $3::VARCHAR[], $4::VARCHAR[], $5::VARCHAR[], $6::VARCHAR, $7::VARCHAR, $8::JSONB[], $9::VARCHAR, $10::TIMESTAMP WITHOUT TIME ZONE, $11::INTEGER, $12::TIMESTAMP WITHOUT TIME ZONE, $13::TIMESTAMP WITHOUT TIME ZONE) RETURNING email_logs.id
2026-05-25 14:59:29,366 [INFO] sqlalchemy.engine.Engine: [generated in 0.00157s] ('PENDING', 'buh-400@yandex.ru', ['dik.pant2011@mail.ru'], [], [], None, None, ['{"filename": "Testing.docx", "size": 10751, "mime_type": "application/vnd.openxmlformats-officedocument.wordprocessingml.document"}'], None, None, 7, datetime.datetime(2026, 5, 25, 11, 59, 29, 365301), datetime.datetime(2026, 5, 25, 11, 59, 29, 365310))
2026-05-25 14:59:30,618 [INFO] sqlalchemy.engine.Engine: UPDATE email_logs SET status=$1::log_status_enum, sent_at=$2::TIMESTAMP WITHOUT TIME ZONE, updated_at=$3::TIMESTAMP WITHOUT TIME ZONE WHERE email_logs.id = $4::INTEGER
2026-05-25 14:59:30,619 [INFO] sqlalchemy.engine.Engine: [generated in 0.00112s] ('SENT', datetime.datetime(2026, 5, 25, 11, 59, 30, 615650), datetime.datetime(2026, 5, 25, 11, 59, 30, 618752), 12)
2026-05-25 14:59:30,628 [INFO] sqlalchemy.engine.Engine: COMMIT
2026-05-25 14:59:30,634 [INFO] app.middleware: POST /generated-docs/1/send - 200 - 1.781 sec
2026-05-25 15:00:43,940 [INFO] app.middleware: DELETE /doc-template/1 - 401 - 0.009 sec
2026-05-25 15:01:45,318 [INFO] app.middleware: DELETE /doc-template/1 - 500 - 0.008 sec
2026-05-25 15:02:44,975 [INFO] sqlalchemy.engine.Engine: select pg_catalog.version()
2026-05-25 15:02:44,976 [INFO] sqlalchemy.engine.Engine: [raw sql] ()
2026-05-25 15:02:44,982 [INFO] sqlalchemy.engine.Engine: select current_schema()
2026-05-25 15:02:44,997 [INFO] sqlalchemy.engine.Engine: [raw sql] ()
2026-05-25 15:02:45,003 [INFO] sqlalchemy.engine.Engine: show standard_conforming_strings
2026-05-25 15:02:45,004 [INFO] sqlalchemy.engine.Engine: [raw sql] ()
2026-05-25 15:02:45,007 [INFO] sqlalchemy.engine.Engine: BEGIN (implicit)
2026-05-25 15:02:45,018 [INFO] sqlalchemy.engine.Engine: SELECT document_templates.name, document_templates.description, document_templates.variables, document_templates.required_entities, document_templates.is_public, document_templates.creator_id, document_templates.id, document_templates.created_at, document_templates.updated_at 
FROM document_templates 
WHERE document_templates.id = $1::INTEGER
2026-05-25 15:02:45,020 [INFO] sqlalchemy.engine.Engine: [generated in 0.00206s] (1,)
2026-05-25 15:02:45,083 [INFO] sqlalchemy.engine.Engine: SELECT files.template_id AS files_template_id, files.creator_id AS files_creator_id, files.client_id AS files_client_id, files.project_id AS files_project_id, files.name AS files_name, files.unique_name AS files_unique_name, files.path AS files_path, files.size AS files_size, files.mime_type AS files_mime_type, files.id AS files_id, files.created_at AS files_created_at, files.updated_at AS files_updated_at 
FROM files 
WHERE files.template_id IN ($1::INTEGER)
2026-05-25 15:02:45,085 [INFO] sqlalchemy.engine.Engine: [generated in 0.00252s] (1,)
2026-05-25 15:02:45,110 [INFO] sqlalchemy.engine.Engine: SELECT users.id AS users_id, users.branch_id AS users_branch_id, users.name AS users_name, users.surname AS users_surname, users.position AS users_position, users.email AS users_email, users.password_hash AS users_password_hash, users.is_active AS users_is_active, users.must_change_password AS users_must_change_password, users.created_at AS users_created_at, users.updated_at AS users_updated_at 
FROM users 
WHERE users.id IN ($1::INTEGER)
2026-05-25 15:02:45,168 [INFO] sqlalchemy.engine.Engine: [generated in 0.05891s] (7,)
2026-05-25 15:02:45,235 [INFO] app.middleware: DELETE /doc-template/1 - 200 - 0.564 sec
2026-05-25 15:02:45,282 [INFO] sqlalchemy.engine.Engine: SELECT generated_documents.creator_id AS generated_documents_creator_id, generated_documents.template_id AS generated_documents_template_id, generated_documents.file_id AS generated_documents_file_id, generated_documents.id AS generated_documents_id, generated_documents.created_at AS generated_documents_created_at, generated_documents.updated_at AS generated_documents_updated_at 
FROM generated_documents 
WHERE $1::INTEGER = generated_documents.template_id
2026-05-25 15:02:45,285 [INFO] sqlalchemy.engine.Engine: [generated in 0.00316s] (1,)
2026-05-25 15:02:45,303 [INFO] sqlalchemy.engine.Engine: UPDATE files SET template_id=$1::INTEGER, updated_at=$2::TIMESTAMP WITHOUT TIME ZONE WHERE files.id = $3::INTEGER
2026-05-25 15:02:45,312 [INFO] sqlalchemy.engine.Engine: [generated in 0.00937s] (None, datetime.datetime(2026, 5, 25, 12, 2, 45, 303249), 6)
2026-05-25 15:02:45,321 [INFO] sqlalchemy.engine.Engine: UPDATE generated_documents SET template_id=$1::INTEGER, updated_at=$2::TIMESTAMP WITHOUT TIME ZONE WHERE generated_documents.id = $3::INTEGER
2026-05-25 15:02:45,321 [INFO] sqlalchemy.engine.Engine: [generated in 0.00070s] (None, datetime.datetime(2026, 5, 25, 12, 2, 45, 321174), 1)
2026-05-25 15:02:45,325 [INFO] sqlalchemy.engine.Engine: DELETE FROM document_templates WHERE document_templates.id = $1::INTEGER
2026-05-25 15:02:45,326 [INFO] sqlalchemy.engine.Engine: [generated in 0.00081s] (1,)
2026-05-25 15:02:45,332 [INFO] sqlalchemy.engine.Engine: COMMIT
2026-05-25 15:02:52,768 [INFO] sqlalchemy.engine.Engine: BEGIN (implicit)
2026-05-25 15:02:52,769 [INFO] sqlalchemy.engine.Engine: SELECT document_templates.name, document_templates.description, document_templates.variables, document_templates.required_entities, document_templates.is_public, document_templates.creator_id, document_templates.id, document_templates.created_at, document_templates.updated_at 
FROM document_templates 
WHERE document_templates.id = $1::INTEGER
2026-05-25 15:02:52,770 [INFO] sqlalchemy.engine.Engine: [cached since 7.752s ago] (1,)
2026-05-25 15:02:52,774 [INFO] sqlalchemy.engine.Engine: ROLLBACK
2026-05-25 15:02:52,778 [INFO] app.middleware: GET /doc-template/1 - 404 - 0.013 sec
2026-05-25 15:03:15,173 [DEBUG] python_multipart.multipart: Calling on_part_begin with no data
2026-05-25 15:03:15,173 [DEBUG] python_multipart.multipart: Calling on_header_field with data[54:73]
2026-05-25 15:03:15,173 [DEBUG] python_multipart.multipart: Calling on_header_value with data[75:97]
2026-05-25 15:03:15,173 [DEBUG] python_multipart.multipart: Calling on_header_end with no data
2026-05-25 15:03:15,173 [DEBUG] python_multipart.multipart: Calling on_headers_finished with no data
2026-05-25 15:03:15,174 [DEBUG] python_multipart.multipart: Calling on_part_data with data[101:108]
2026-05-25 15:03:15,174 [DEBUG] python_multipart.multipart: Calling on_part_end with no data
2026-05-25 15:03:15,174 [DEBUG] python_multipart.multipart: Calling on_part_begin with no data
2026-05-25 15:03:15,174 [DEBUG] python_multipart.multipart: Calling on_header_field with data[164:183]
2026-05-25 15:03:15,174 [DEBUG] python_multipart.multipart: Calling on_header_value with data[185:214]
2026-05-25 15:03:15,174 [DEBUG] python_multipart.multipart: Calling on_header_end with no data
2026-05-25 15:03:15,174 [DEBUG] python_multipart.multipart: Calling on_headers_finished with no data
2026-05-25 15:03:15,175 [DEBUG] python_multipart.multipart: Calling on_part_data with data[218:252]
2026-05-25 15:03:15,175 [DEBUG] python_multipart.multipart: Calling on_part_end with no data
2026-05-25 15:03:15,175 [DEBUG] python_multipart.multipart: Calling on_part_begin with no data
2026-05-25 15:03:15,175 [DEBUG] python_multipart.multipart: Calling on_header_field with data[308:327]
2026-05-25 15:03:15,175 [DEBUG] python_multipart.multipart: Calling on_header_value with data[329:356]
2026-05-25 15:03:15,175 [DEBUG] python_multipart.multipart: Calling on_header_end with no data
2026-05-25 15:03:15,175 [DEBUG] python_multipart.multipart: Calling on_headers_finished with no data
2026-05-25 15:03:15,175 [DEBUG] python_multipart.multipart: Calling on_part_data with data[360:364]
2026-05-25 15:03:15,175 [DEBUG] python_multipart.multipart: Calling on_part_end with no data
2026-05-25 15:03:15,175 [DEBUG] python_multipart.multipart: Calling on_part_begin with no data
2026-05-25 15:03:15,175 [DEBUG] python_multipart.multipart: Calling on_header_field with data[420:439]
2026-05-25 15:03:15,175 [DEBUG] python_multipart.multipart: Calling on_header_value with data[441:476]
2026-05-25 15:03:15,175 [DEBUG] python_multipart.multipart: Calling on_header_end with no data
2026-05-25 15:03:15,176 [DEBUG] python_multipart.multipart: Calling on_headers_finished with no data
2026-05-25 15:03:15,176 [DEBUG] python_multipart.multipart: Calling on_part_data with data[480:497]
2026-05-25 15:03:15,176 [DEBUG] python_multipart.multipart: Calling on_part_end with no data
2026-05-25 15:03:15,176 [DEBUG] python_multipart.multipart: Calling on_part_begin with no data
2026-05-25 15:03:15,176 [DEBUG] python_multipart.multipart: Calling on_header_field with data[553:572]
2026-05-25 15:03:15,176 [DEBUG] python_multipart.multipart: Calling on_header_value with data[574:622]
2026-05-25 15:03:15,176 [DEBUG] python_multipart.multipart: Calling on_header_end with no data
2026-05-25 15:03:15,176 [DEBUG] python_multipart.multipart: Calling on_header_field with data[624:636]
2026-05-25 15:03:15,176 [DEBUG] python_multipart.multipart: Calling on_header_value with data[638:709]
2026-05-25 15:03:15,176 [DEBUG] python_multipart.multipart: Calling on_header_end with no data
2026-05-25 15:03:15,176 [DEBUG] python_multipart.multipart: Calling on_headers_finished with no data
2026-05-25 15:03:15,176 [DEBUG] python_multipart.multipart: Calling on_part_data with data[713:13540]
2026-05-25 15:03:15,177 [DEBUG] python_multipart.multipart: Calling on_part_end with no data
2026-05-25 15:03:15,177 [DEBUG] python_multipart.multipart: Calling on_end with no data
2026-05-25 15:03:15,184 [INFO] sqlalchemy.engine.Engine: BEGIN (implicit)
2026-05-25 15:03:15,187 [INFO] sqlalchemy.engine.Engine: SELECT document_templates.name, document_templates.description, document_templates.variables, document_templates.required_entities, document_templates.is_public, document_templates.creator_id, document_templates.id, document_templates.created_at, document_templates.updated_at 
FROM document_templates 
WHERE document_templates.name = $1::VARCHAR
2026-05-25 15:03:15,188 [INFO] sqlalchemy.engine.Engine: [generated in 0.00089s] ('Testing',)
2026-05-25 15:03:15,201 [INFO] sqlalchemy.engine.Engine: INSERT INTO document_templates (name, description, variables, required_entities, is_public, creator_id, created_at, updated_at) VALUES ($1::VARCHAR, $2::VARCHAR, $3::VARCHAR(255)[], $4::VARCHAR(255)[], $5::BOOLEAN, $6::INTEGER, $7::TIMESTAMP WITHOUT TIME ZONE, $8::TIMESTAMP WITHOUT TIME ZONE) RETURNING document_templates.id
2026-05-25 15:03:15,204 [INFO] sqlalchemy.engine.Engine: [generated in 0.00297s] ('Testing', 'Testing doc-template possibilities', None, ['[project, client]'], True, 7, datetime.datetime(2026, 5, 25, 12, 3, 15, 201312), datetime.datetime(2026, 5, 25, 12, 3, 15, 201322))
2026-05-25 15:03:15,252 [INFO] sqlalchemy.engine.Engine: INSERT INTO files (creator_id, client_id, project_id, template_id, name, unique_name, path, size, mime_type, created_at, updated_at) VALUES ($1::INTEGER, $2::INTEGER, $3::INTEGER, $4::INTEGER, $5::VARCHAR, $6::VARCHAR, $7::VARCHAR, $8::BIGINT, $9::VARCHAR, $10::TIMESTAMP WITHOUT TIME ZONE, $11::TIMESTAMP WITHOUT TIME ZONE) RETURNING files.id
2026-05-25 15:03:15,253 [INFO] sqlalchemy.engine.Engine: [generated in 0.00106s] (7, None, None, None, 'template.docx', 'caf6e6a570b94ca1a76c2c8c61b4fa.docx', './uploads\\caf6e6a570b94ca1a76c2c8c61b4fa.docx', 12827, 'application/vnd.openxmlformats-officedocument.wordprocessingml.document', datetime.datetime(2026, 5, 25, 12, 3, 15, 252610), datetime.datetime(2026, 5, 25, 12, 3, 15, 252621))
2026-05-25 15:03:15,324 [INFO] app.middleware: POST /doc-template - 200 - 0.154 sec
2026-05-25 15:03:15,330 [INFO] sqlalchemy.engine.Engine: UPDATE document_templates SET variables=$1::VARCHAR(255)[], updated_at=$2::TIMESTAMP WITHOUT TIME ZONE WHERE document_templates.id = $3::INTEGER
2026-05-25 15:03:15,331 [INFO] sqlalchemy.engine.Engine: [generated in 0.00152s] (['project_name', 'user_name', 'user_username', 'client_name'], datetime.datetime(2026, 5, 25, 12, 3, 15, 330498), 2)
2026-05-25 15:03:15,337 [INFO] sqlalchemy.engine.Engine: UPDATE files SET template_id=$1::INTEGER, updated_at=$2::TIMESTAMP WITHOUT TIME ZONE WHERE files.id = $3::INTEGER
2026-05-25 15:03:15,337 [INFO] sqlalchemy.engine.Engine: [cached since 30.03s ago] (2, datetime.datetime(2026, 5, 25, 12, 3, 15, 337178), 8)
2026-05-25 15:03:15,341 [INFO] sqlalchemy.engine.Engine: COMMIT
2026-05-25 15:03:35,023 [INFO] sqlalchemy.engine.Engine: BEGIN (implicit)
2026-05-25 15:03:35,025 [INFO] sqlalchemy.engine.Engine: SELECT document_templates.name, document_templates.description, document_templates.variables, document_templates.required_entities, document_templates.is_public, document_templates.creator_id, document_templates.id, document_templates.created_at, document_templates.updated_at 
FROM document_templates 
WHERE document_templates.id = $1::INTEGER
2026-05-25 15:03:35,026 [INFO] sqlalchemy.engine.Engine: [cached since 50.01s ago] (2,)
2026-05-25 15:03:35,029 [INFO] sqlalchemy.engine.Engine: SELECT files.template_id AS files_template_id, files.creator_id AS files_creator_id, files.client_id AS files_client_id, files.project_id AS files_project_id, files.name AS files_name, files.unique_name AS files_unique_name, files.path AS files_path, files.size AS files_size, files.mime_type AS files_mime_type, files.id AS files_id, files.created_at AS files_created_at, files.updated_at AS files_updated_at 
FROM files 
WHERE files.template_id IN ($1::INTEGER)
2026-05-25 15:03:35,043 [INFO] sqlalchemy.engine.Engine: [cached since 49.96s ago] (2,)
2026-05-25 15:03:35,046 [INFO] sqlalchemy.engine.Engine: SELECT users.id AS users_id, users.branch_id AS users_branch_id, users.name AS users_name, users.surname AS users_surname, users.position AS users_position, users.email AS users_email, users.password_hash AS users_password_hash, users.is_active AS users_is_active, users.must_change_password AS users_must_change_password, users.created_at AS users_created_at, users.updated_at AS users_updated_at 
FROM users 
WHERE users.id IN ($1::INTEGER)
2026-05-25 15:03:35,052 [INFO] sqlalchemy.engine.Engine: [cached since 49.94s ago] (7,)
2026-05-25 15:03:35,067 [INFO] sqlalchemy.engine.Engine: SELECT projects.client_id, projects.contract_id, projects.name, projects.description, projects.start_date, projects.end_date, projects.is_archived, projects.id, projects.created_at, projects.updated_at 
FROM projects JOIN clients ON clients.id = projects.client_id 
WHERE projects.id = $1::INTEGER
2026-05-25 15:03:35,068 [INFO] sqlalchemy.engine.Engine: [generated in 0.00139s] (2,)
2026-05-25 15:03:35,112 [INFO] sqlalchemy.engine.Engine: SELECT contracts.id AS contracts_id, contracts.branch_id AS contracts_branch_id, contracts.company_id AS contracts_company_id, contracts.status AS contracts_status, contracts.description AS contracts_description, contracts.number AS contracts_number, contracts.name AS contracts_name, contracts.valid_from AS contracts_valid_from, contracts.valid_to AS contracts_valid_to, contracts.is_archived AS contracts_is_archived, contracts.created_at AS contracts_created_at, contracts.updated_at AS contracts_updated_at 
FROM contracts 
WHERE contracts.id IN ($1::INTEGER)
2026-05-25 15:03:35,113 [INFO] sqlalchemy.engine.Engine: [generated in 0.00114s] (3,)
2026-05-25 15:03:35,144 [INFO] sqlalchemy.engine.Engine: SELECT stages.project_id AS stages_project_id, stages.name AS stages_name, stages.position AS stages_position, stages.description AS stages_description, stages.start_date AS stages_start_date, stages.end_date AS stages_end_date, stages.is_archived AS stages_is_archived, stages.id AS stages_id, stages.created_at AS stages_created_at, stages.updated_at AS stages_updated_at 
FROM stages 
WHERE stages.project_id IN ($1::INTEGER) ORDER BY stages.position
2026-05-25 15:03:35,145 [INFO] sqlalchemy.engine.Engine: [generated in 0.00132s] (2,)
2026-05-25 15:03:35,163 [INFO] sqlalchemy.engine.Engine: SELECT files.project_id AS files_project_id, files.creator_id AS files_creator_id, files.client_id AS files_client_id, files.template_id AS files_template_id, files.name AS files_name, files.unique_name AS files_unique_name, files.path AS files_path, files.size AS files_size, files.mime_type AS files_mime_type, files.id AS files_id, files.created_at AS files_created_at, files.updated_at AS files_updated_at 
FROM files 
WHERE files.project_id IN ($1::INTEGER)
2026-05-25 15:03:35,163 [INFO] sqlalchemy.engine.Engine: [generated in 0.00109s] (2,)
2026-05-25 15:03:35,187 [INFO] sqlalchemy.engine.Engine: SELECT clients.id AS clients_id, clients.manager_id AS clients_manager_id, clients.name AS clients_name, clients.email AS clients_email, clients.telephone AS clients_telephone, clients.is_archived AS clients_is_archived, clients.created_at AS clients_created_at, clients.updated_at AS clients_updated_at 
FROM clients 
WHERE clients.id IN ($1::INTEGER)
2026-05-25 15:03:35,188 [INFO] sqlalchemy.engine.Engine: [generated in 0.00119s] (2,)
2026-05-25 15:03:35,198 [INFO] sqlalchemy.engine.Engine: SELECT companies.id AS companies_id, companies.client_id AS companies_client_id, companies.name AS companies_name, companies.inn AS companies_inn, companies.is_archived AS companies_is_archived, companies.created_at AS companies_created_at, companies.updated_at AS companies_updated_at 
FROM companies 
WHERE companies.id IN ($1::INTEGER)
2026-05-25 15:03:35,199 [INFO] sqlalchemy.engine.Engine: [generated in 0.00116s] (2,)
2026-05-25 15:03:35,220 [INFO] sqlalchemy.engine.Engine: SELECT users.id AS users_id, users.branch_id AS users_branch_id, users.name AS users_name, users.surname AS users_surname, users.position AS users_position, users.email AS users_email, users.password_hash AS users_password_hash, users.is_active AS users_is_active, users.must_change_password AS users_must_change_password, users.created_at AS users_created_at, users.updated_at AS users_updated_at 
FROM users 
WHERE users.id IN ($1::INTEGER)
2026-05-25 15:03:35,221 [INFO] sqlalchemy.engine.Engine: [generated in 0.00115s] (13,)
2026-05-25 15:03:35,406 [INFO] sqlalchemy.engine.Engine: INSERT INTO files (creator_id, client_id, project_id, template_id, name, unique_name, path, size, mime_type, created_at, updated_at) VALUES ($1::INTEGER, $2::INTEGER, $3::INTEGER, $4::INTEGER, $5::VARCHAR, $6::VARCHAR, $7::VARCHAR, $8::BIGINT, $9::VARCHAR, $10::TIMESTAMP WITHOUT TIME ZONE, $11::TIMESTAMP WITHOUT TIME ZONE) RETURNING files.id
2026-05-25 15:03:35,407 [INFO] sqlalchemy.engine.Engine: [cached since 20.16s ago] (7, None, None, None, 'Testing.docx', '6f5b7ecc529c437793d33ba25e410cc1.docx', './uploads\\6f5b7ecc529c437793d33ba25e410cc1.docx', 10692, 'application/vnd.openxmlformats-officedocument.wordprocessingml.document', datetime.datetime(2026, 5, 25, 12, 3, 35, 406533), datetime.datetime(2026, 5, 25, 12, 3, 35, 406547))
2026-05-25 15:03:35,411 [INFO] sqlalchemy.engine.Engine: INSERT INTO generated_documents (creator_id, template_id, file_id, created_at, updated_at) VALUES ($1::INTEGER, $2::INTEGER, $3::INTEGER, $4::TIMESTAMP WITHOUT TIME ZONE, $5::TIMESTAMP WITHOUT TIME ZONE) RETURNING generated_documents.id
2026-05-25 15:03:35,411 [INFO] sqlalchemy.engine.Engine: [generated in 0.00066s] (7, 2, 9, datetime.datetime(2026, 5, 25, 12, 3, 35, 410964), datetime.datetime(2026, 5, 25, 12, 3, 35, 410972))
2026-05-25 15:03:35,415 [INFO] app.middleware: POST /doc-template/2/render - 200 - 0.396 sec
2026-05-25 15:03:35,416 [INFO] sqlalchemy.engine.Engine: COMMIT
2026-05-25 15:03:53,177 [INFO] sqlalchemy.engine.Engine: BEGIN (implicit)
2026-05-25 15:03:53,181 [INFO] sqlalchemy.engine.Engine: SELECT generated_documents.creator_id, generated_documents.template_id, generated_documents.file_id, generated_documents.id, generated_documents.created_at, generated_documents.updated_at 
FROM generated_documents 
WHERE generated_documents.id = $1::INTEGER
2026-05-25 15:03:53,182 [INFO] sqlalchemy.engine.Engine: [generated in 0.00072s] (2,)
2026-05-25 15:03:53,186 [INFO] sqlalchemy.engine.Engine: SELECT document_templates.id AS document_templates_id, document_templates.name AS document_templates_name, document_templates.description AS document_templates_description, document_templates.variables AS document_templates_variables, document_templates.required_entities AS document_templates_required_entities, document_templates.is_public AS document_templates_is_public, document_templates.creator_id AS document_templates_creator_id, document_templates.created_at AS document_templates_created_at, document_templates.updated_at AS document_templates_updated_at 
FROM document_templates 
WHERE document_templates.id IN ($1::INTEGER)
2026-05-25 15:03:53,187 [INFO] sqlalchemy.engine.Engine: [generated in 0.00109s] (2,)
2026-05-25 15:03:53,197 [INFO] sqlalchemy.engine.Engine: SELECT files.id AS files_id, files.creator_id AS files_creator_id, files.client_id AS files_client_id, files.project_id AS files_project_id, files.template_id AS files_template_id, files.name AS files_name, files.unique_name AS files_unique_name, files.path AS files_path, files.size AS files_size, files.mime_type AS files_mime_type, files.created_at AS files_created_at, files.updated_at AS files_updated_at 
FROM files 
WHERE files.id IN ($1::INTEGER)
2026-05-25 15:03:53,198 [INFO] sqlalchemy.engine.Engine: [generated in 0.00112s] (9,)
2026-05-25 15:03:53,204 [INFO] sqlalchemy.engine.Engine: SELECT users.id AS users_id, users.branch_id AS users_branch_id, users.name AS users_name, users.surname AS users_surname, users.position AS users_position, users.email AS users_email, users.password_hash AS users_password_hash, users.is_active AS users_is_active, users.must_change_password AS users_must_change_password, users.created_at AS users_created_at, users.updated_at AS users_updated_at 
FROM users 
WHERE users.id IN ($1::INTEGER)
2026-05-25 15:03:53,205 [INFO] sqlalchemy.engine.Engine: [generated in 0.00068s] (7,)
2026-05-25 15:03:53,212 [INFO] sqlalchemy.engine.Engine: SELECT emails.server, emails.port, emails.login, emails.password, emails.creator_id, emails.owner_id, emails.id, emails.created_at, emails.updated_at 
FROM emails 
WHERE emails.id = $1::INTEGER
2026-05-25 15:03:53,212 [INFO] sqlalchemy.engine.Engine: [generated in 0.00089s] (4,)
2026-05-25 15:03:53,275 [INFO] sqlalchemy.engine.Engine: INSERT INTO email_logs (status, from_email, "to", cc, bcc, subject, body, files_data, error_message, sent_at, user_id, created_at, updated_at) VALUES ($1::log_status_enum, $2::VARCHAR, $3::VARCHAR[], $4::VARCHAR[], $5::VARCHAR[], $6::VARCHAR, $7::VARCHAR, $8::JSONB[], $9::VARCHAR, $10::TIMESTAMP WITHOUT TIME ZONE, $11::INTEGER, $12::TIMESTAMP WITHOUT TIME ZONE, $13::TIMESTAMP WITHOUT TIME ZONE) RETURNING email_logs.id
2026-05-25 15:03:53,276 [INFO] sqlalchemy.engine.Engine: [generated in 0.00143s] ('PENDING', 'buh-400@yandex.ru', ['dik.pant2011@mail.ru'], [], [], None, None, ['{"filename": "Testing.docx", "size": 10692, "mime_type": "application/vnd.openxmlformats-officedocument.wordprocessingml.document"}'], None, None, 7, datetime.datetime(2026, 5, 25, 12, 3, 53, 275114), datetime.datetime(2026, 5, 25, 12, 3, 53, 275125))
2026-05-25 15:03:54,304 [INFO] sqlalchemy.engine.Engine: UPDATE email_logs SET status=$1::log_status_enum, sent_at=$2::TIMESTAMP WITHOUT TIME ZONE, updated_at=$3::TIMESTAMP WITHOUT TIME ZONE WHERE email_logs.id = $4::INTEGER
2026-05-25 15:03:54,305 [INFO] sqlalchemy.engine.Engine: [generated in 0.00100s] ('SENT', datetime.datetime(2026, 5, 25, 12, 3, 54, 302643), datetime.datetime(2026, 5, 25, 12, 3, 54, 304635), 13)
2026-05-25 15:03:54,313 [INFO] sqlalchemy.engine.Engine: COMMIT
2026-05-25 15:03:54,316 [INFO] app.middleware: POST /generated-docs/2/send - 200 - 1.144 sec
2026-05-25 15:05:08,187 [INFO] sqlalchemy.engine.Engine: BEGIN (implicit)
2026-05-25 15:05:08,190 [INFO] sqlalchemy.engine.Engine: SELECT projects.client_id, projects.contract_id, projects.name, projects.description, projects.start_date, projects.end_date, projects.is_archived, projects.id, projects.created_at, projects.updated_at 
FROM projects JOIN clients ON clients.id = projects.client_id 
WHERE projects.id = $1::INTEGER
2026-05-25 15:05:08,192 [INFO] sqlalchemy.engine.Engine: [cached since 93.12s ago] (1,)
2026-05-25 15:05:08,200 [INFO] sqlalchemy.engine.Engine: SELECT contracts.id AS contracts_id, contracts.branch_id AS contracts_branch_id, contracts.company_id AS contracts_company_id, contracts.status AS contracts_status, contracts.description AS contracts_description, contracts.number AS contracts_number, contracts.name AS contracts_name, contracts.valid_from AS contracts_valid_from, contracts.valid_to AS contracts_valid_to, contracts.is_archived AS contracts_is_archived, contracts.created_at AS contracts_created_at, contracts.updated_at AS contracts_updated_at 
FROM contracts 
WHERE contracts.id IN ($1::INTEGER)
2026-05-25 15:05:08,201 [INFO] sqlalchemy.engine.Engine: [cached since 93.09s ago] (1,)
2026-05-25 15:05:08,207 [INFO] sqlalchemy.engine.Engine: SELECT stages.project_id AS stages_project_id, stages.name AS stages_name, stages.position AS stages_position, stages.description AS stages_description, stages.start_date AS stages_start_date, stages.end_date AS stages_end_date, stages.is_archived AS stages_is_archived, stages.id AS stages_id, stages.created_at AS stages_created_at, stages.updated_at AS stages_updated_at 
FROM stages 
WHERE stages.project_id IN ($1::INTEGER) ORDER BY stages.position
2026-05-25 15:05:08,214 [INFO] sqlalchemy.engine.Engine: [cached since 93.07s ago] (1,)
2026-05-25 15:05:08,219 [INFO] sqlalchemy.engine.Engine: SELECT files.project_id AS files_project_id, files.creator_id AS files_creator_id, files.client_id AS files_client_id, files.template_id AS files_template_id, files.name AS files_name, files.unique_name AS files_unique_name, files.path AS files_path, files.size AS files_size, files.mime_type AS files_mime_type, files.id AS files_id, files.created_at AS files_created_at, files.updated_at AS files_updated_at 
FROM files 
WHERE files.project_id IN ($1::INTEGER)
2026-05-25 15:05:08,220 [INFO] sqlalchemy.engine.Engine: [cached since 93.06s ago] (1,)
2026-05-25 15:05:08,227 [INFO] sqlalchemy.engine.Engine: SELECT clients.id AS clients_id, clients.manager_id AS clients_manager_id, clients.name AS clients_name, clients.email AS clients_email, clients.telephone AS clients_telephone, clients.is_archived AS clients_is_archived, clients.created_at AS clients_created_at, clients.updated_at AS clients_updated_at 
FROM clients 
WHERE clients.id IN ($1::INTEGER)
2026-05-25 15:05:08,228 [INFO] sqlalchemy.engine.Engine: [cached since 93.04s ago] (1,)
2026-05-25 15:05:08,231 [INFO] sqlalchemy.engine.Engine: SELECT companies.id AS companies_id, companies.client_id AS companies_client_id, companies.name AS companies_name, companies.inn AS companies_inn, companies.is_archived AS companies_is_archived, companies.created_at AS companies_created_at, companies.updated_at AS companies_updated_at 
FROM companies 
WHERE companies.id IN ($1::INTEGER)
2026-05-25 15:05:08,232 [INFO] sqlalchemy.engine.Engine: [cached since 93.03s ago] (1,)
2026-05-25 15:05:08,236 [INFO] sqlalchemy.engine.Engine: SELECT users.id AS users_id, users.branch_id AS users_branch_id, users.name AS users_name, users.surname AS users_surname, users.position AS users_position, users.email AS users_email, users.password_hash AS users_password_hash, users.is_active AS users_is_active, users.must_change_password AS users_must_change_password, users.created_at AS users_created_at, users.updated_at AS users_updated_at 
FROM users 
WHERE users.id IN ($1::INTEGER)
2026-05-25 15:05:08,238 [INFO] sqlalchemy.engine.Engine: [cached since 93.02s ago] (7,)
2026-05-25 15:05:08,249 [INFO] sqlalchemy.engine.Engine: SELECT count(*) AS count_1 
FROM (SELECT DISTINCT files.creator_id AS creator_id, files.client_id AS client_id, files.project_id AS project_id, files.template_id AS template_id, files.name AS name, files.unique_name AS unique_name, files.path AS path, files.size AS size, files.mime_type AS mime_type, files.id AS id, files.created_at AS created_at, files.updated_at AS updated_at 
FROM files 
WHERE files.project_id = $1::INTEGER ORDER BY files.created_at DESC, files.id DESC) AS anon_1
2026-05-25 15:05:08,250 [INFO] sqlalchemy.engine.Engine: [generated in 0.00067s] (1,)
2026-05-25 15:05:08,260 [INFO] sqlalchemy.engine.Engine: SELECT files.creator_id, files.client_id, files.project_id, files.template_id, files.name, files.unique_name, files.path, files.size, files.mime_type, files.id, files.created_at, files.updated_at 
FROM files 
WHERE files.project_id = $1::INTEGER ORDER BY files.created_at DESC, files.id DESC 
 LIMIT $2::INTEGER OFFSET $3::INTEGER
2026-05-25 15:05:08,261 [INFO] sqlalchemy.engine.Engine: [generated in 0.00116s] (1, 20, 0)
2026-05-25 15:05:08,269 [INFO] app.middleware: GET /project/1/files - 200 - 0.103 sec
2026-05-25 15:05:08,272 [INFO] sqlalchemy.engine.Engine: COMMIT
2026-05-25 15:05:18,551 [INFO] sqlalchemy.engine.Engine: BEGIN (implicit)
2026-05-25 15:05:18,559 [INFO] sqlalchemy.engine.Engine: SELECT files.creator_id, files.client_id, files.project_id, files.template_id, files.name, files.unique_name, files.path, files.size, files.mime_type, files.id, files.created_at, files.updated_at 
FROM files 
WHERE files.id = $1::INTEGER
2026-05-25 15:05:18,560 [INFO] sqlalchemy.engine.Engine: [generated in 0.00114s] (5,)
2026-05-25 15:05:18,573 [INFO] sqlalchemy.engine.Engine: SELECT users.id AS users_id, users.branch_id AS users_branch_id, users.name AS users_name, users.surname AS users_surname, users.position AS users_position, users.email AS users_email, users.password_hash AS users_password_hash, users.is_active AS users_is_active, users.must_change_password AS users_must_change_password, users.created_at AS users_created_at, users.updated_at AS users_updated_at 
FROM users 
WHERE users.id IN ($1::INTEGER)
2026-05-25 15:05:18,575 [INFO] sqlalchemy.engine.Engine: [generated in 0.00330s] (7,)
2026-05-25 15:05:18,581 [INFO] sqlalchemy.engine.Engine: SELECT projects.id AS projects_id, projects.client_id AS projects_client_id, projects.contract_id AS projects_contract_id, projects.name AS projects_name, projects.description AS projects_description, projects.start_date AS projects_start_date, projects.end_date AS projects_end_date, projects.is_archived AS projects_is_archived, projects.created_at AS projects_created_at, projects.updated_at AS projects_updated_at 
FROM projects 
WHERE projects.id IN ($1::INTEGER)
2026-05-25 15:05:18,582 [INFO] sqlalchemy.engine.Engine: [generated in 0.00110s] (1,)
2026-05-25 15:05:18,590 [INFO] sqlalchemy.engine.Engine: SELECT projects.client_id, projects.contract_id, projects.name, projects.description, projects.start_date, projects.end_date, projects.is_archived, projects.id, projects.created_at, projects.updated_at 
FROM projects JOIN clients ON clients.id = projects.client_id 
WHERE projects.id = $1::INTEGER
2026-05-25 15:05:18,591 [INFO] sqlalchemy.engine.Engine: [cached since 103.5s ago] (1,)
2026-05-25 15:05:18,596 [INFO] sqlalchemy.engine.Engine: SELECT contracts.id AS contracts_id, contracts.branch_id AS contracts_branch_id, contracts.company_id AS contracts_company_id, contracts.status AS contracts_status, contracts.description AS contracts_description, contracts.number AS contracts_number, contracts.name AS contracts_name, contracts.valid_from AS contracts_valid_from, contracts.valid_to AS contracts_valid_to, contracts.is_archived AS contracts_is_archived, contracts.created_at AS contracts_created_at, contracts.updated_at AS contracts_updated_at 
FROM contracts 
WHERE contracts.id IN ($1::INTEGER)
2026-05-25 15:05:18,597 [INFO] sqlalchemy.engine.Engine: [cached since 103.5s ago] (1,)
2026-05-25 15:05:18,604 [INFO] sqlalchemy.engine.Engine: SELECT stages.project_id AS stages_project_id, stages.name AS stages_name, stages.position AS stages_position, stages.description AS stages_description, stages.start_date AS stages_start_date, stages.end_date AS stages_end_date, stages.is_archived AS stages_is_archived, stages.id AS stages_id, stages.created_at AS stages_created_at, stages.updated_at AS stages_updated_at 
FROM stages 
WHERE stages.project_id IN ($1::INTEGER) ORDER BY stages.position
2026-05-25 15:05:18,605 [INFO] sqlalchemy.engine.Engine: [cached since 103.5s ago] (1,)
2026-05-25 15:05:18,611 [INFO] sqlalchemy.engine.Engine: SELECT files.project_id AS files_project_id, files.creator_id AS files_creator_id, files.client_id AS files_client_id, files.template_id AS files_template_id, files.name AS files_name, files.unique_name AS files_unique_name, files.path AS files_path, files.size AS files_size, files.mime_type AS files_mime_type, files.id AS files_id, files.created_at AS files_created_at, files.updated_at AS files_updated_at 
FROM files 
WHERE files.project_id IN ($1::INTEGER)
2026-05-25 15:05:18,614 [INFO] sqlalchemy.engine.Engine: [cached since 103.5s ago] (1,)
2026-05-25 15:05:18,620 [INFO] sqlalchemy.engine.Engine: SELECT clients.id AS clients_id, clients.manager_id AS clients_manager_id, clients.name AS clients_name, clients.email AS clients_email, clients.telephone AS clients_telephone, clients.is_archived AS clients_is_archived, clients.created_at AS clients_created_at, clients.updated_at AS clients_updated_at 
FROM clients 
WHERE clients.id IN ($1::INTEGER)
2026-05-25 15:05:18,625 [INFO] sqlalchemy.engine.Engine: [cached since 103.4s ago] (1,)
2026-05-25 15:05:18,631 [INFO] sqlalchemy.engine.Engine: SELECT companies.id AS companies_id, companies.client_id AS companies_client_id, companies.name AS companies_name, companies.inn AS companies_inn, companies.is_archived AS companies_is_archived, companies.created_at AS companies_created_at, companies.updated_at AS companies_updated_at 
FROM companies 
WHERE companies.id IN ($1::INTEGER)
2026-05-25 15:05:18,632 [INFO] sqlalchemy.engine.Engine: [cached since 103.4s ago] (1,)
2026-05-25 15:05:18,637 [INFO] sqlalchemy.engine.Engine: SELECT users.id AS users_id, users.branch_id AS users_branch_id, users.name AS users_name, users.surname AS users_surname, users.position AS users_position, users.email AS users_email, users.password_hash AS users_password_hash, users.is_active AS users_is_active, users.must_change_password AS users_must_change_password, users.created_at AS users_created_at, users.updated_at AS users_updated_at 
FROM users 
WHERE users.id IN ($1::INTEGER)
2026-05-25 15:05:18,638 [INFO] sqlalchemy.engine.Engine: [cached since 103.4s ago] (7,)
2026-05-25 15:05:18,653 [INFO] app.middleware: GET /files/5/download - 200 - 0.106 sec
2026-05-25 15:05:18,715 [INFO] sqlalchemy.engine.Engine: COMMIT
2026-05-25 15:05:27,170 [INFO] sqlalchemy.engine.Engine: BEGIN (implicit)
2026-05-25 15:05:27,172 [INFO] sqlalchemy.engine.Engine: SELECT files.creator_id, files.client_id, files.project_id, files.template_id, files.name, files.unique_name, files.path, files.size, files.mime_type, files.id, files.created_at, files.updated_at 
FROM files 
WHERE files.id = $1::INTEGER
2026-05-25 15:05:27,172 [INFO] sqlalchemy.engine.Engine: [cached since 8.613s ago] (9,)
2026-05-25 15:05:27,176 [INFO] sqlalchemy.engine.Engine: SELECT users.id AS users_id, users.branch_id AS users_branch_id, users.name AS users_name, users.surname AS users_surname, users.position AS users_position, users.email AS users_email, users.password_hash AS users_password_hash, users.is_active AS users_is_active, users.must_change_password AS users_must_change_password, users.created_at AS users_created_at, users.updated_at AS users_updated_at 
FROM users 
WHERE users.id IN ($1::INTEGER)
2026-05-25 15:05:27,180 [INFO] sqlalchemy.engine.Engine: [cached since 8.608s ago] (7,)
2026-05-25 15:05:27,191 [INFO] sqlalchemy.engine.Engine: SELECT generated_documents.creator_id AS generated_documents_creator_id, generated_documents.template_id AS generated_documents_template_id, generated_documents.file_id AS generated_documents_file_id, generated_documents.id AS generated_documents_id, generated_documents.created_at AS generated_documents_created_at, generated_documents.updated_at AS generated_documents_updated_at 
FROM generated_documents 
WHERE $1::INTEGER = generated_documents.file_id
2026-05-25 15:05:27,193 [INFO] sqlalchemy.engine.Engine: [generated in 0.00200s] (9,)
2026-05-25 15:05:27,194 [INFO] sqlalchemy.engine.Engine: ROLLBACK
2026-05-25 15:05:27,198 [INFO] app.middleware: GET /files/9/download - 500 - 0.031 sec
2026-05-25 15:16:21,212 [INFO] sqlalchemy.engine.Engine: BEGIN (implicit)
2026-05-25 15:16:21,237 [INFO] sqlalchemy.engine.Engine: SELECT count(*) AS count_1 
FROM (SELECT DISTINCT generated_documents.creator_id AS creator_id, generated_documents.template_id AS template_id, generated_documents.file_id AS file_id, generated_documents.id AS id, generated_documents.created_at AS created_at, generated_documents.updated_at AS updated_at 
FROM generated_documents 
WHERE generated_documents.creator_id = $1::INTEGER ORDER BY generated_documents.created_at DESC, generated_documents.id DESC) AS anon_1
2026-05-25 15:16:21,240 [INFO] sqlalchemy.engine.Engine: [generated in 0.00303s] (7,)
2026-05-25 15:16:21,294 [INFO] sqlalchemy.engine.Engine: SELECT generated_documents.creator_id, generated_documents.template_id, generated_documents.file_id, generated_documents.id, generated_documents.created_at, generated_documents.updated_at 
FROM generated_documents 
WHERE generated_documents.creator_id = $1::INTEGER ORDER BY generated_documents.created_at DESC, generated_documents.id DESC 
 LIMIT $2::INTEGER OFFSET $3::INTEGER
2026-05-25 15:16:21,296 [INFO] sqlalchemy.engine.Engine: [generated in 0.00222s] (7, 20, 0)
2026-05-25 15:16:21,304 [INFO] sqlalchemy.engine.Engine: SELECT files.id AS files_id, files.creator_id AS files_creator_id, files.client_id AS files_client_id, files.project_id AS files_project_id, files.template_id AS files_template_id, files.name AS files_name, files.unique_name AS files_unique_name, files.path AS files_path, files.size AS files_size, files.mime_type AS files_mime_type, files.created_at AS files_created_at, files.updated_at AS files_updated_at 
FROM files 
WHERE files.id IN ($1::INTEGER, $2::INTEGER)
2026-05-25 15:16:21,305 [INFO] sqlalchemy.engine.Engine: [generated in 0.00086s] (7, 9)
2026-05-25 15:16:21,325 [INFO] app.middleware: GET /generated-docs - 200 - 0.231 sec
2026-05-25 15:16:21,328 [INFO] sqlalchemy.engine.Engine: COMMIT
2026-05-25 15:37:05,279 [INFO] app.middleware: GET /files/9/download - 401 - 0.009 sec
2026-05-25 15:37:10,686 [INFO] sqlalchemy.engine.Engine: select pg_catalog.version()
2026-05-25 15:37:10,687 [INFO] sqlalchemy.engine.Engine: [raw sql] ()
2026-05-25 15:37:10,736 [INFO] sqlalchemy.engine.Engine: select current_schema()
2026-05-25 15:37:10,737 [INFO] sqlalchemy.engine.Engine: [raw sql] ()
2026-05-25 15:37:10,744 [INFO] sqlalchemy.engine.Engine: show standard_conforming_strings
2026-05-25 15:37:10,745 [INFO] sqlalchemy.engine.Engine: [raw sql] ()
2026-05-25 15:37:10,748 [INFO] sqlalchemy.engine.Engine: BEGIN (implicit)
2026-05-25 15:37:10,863 [INFO] sqlalchemy.engine.Engine: SELECT refresh_tokens.jti, refresh_tokens.device, refresh_tokens.is_active, refresh_tokens.exp, refresh_tokens.user_id, refresh_tokens.id, refresh_tokens.created_at, refresh_tokens.updated_at 
FROM refresh_tokens 
WHERE refresh_tokens.jti = $1::VARCHAR FOR UPDATE
2026-05-25 15:37:10,863 [INFO] sqlalchemy.engine.Engine: [generated in 0.00066s] ('1bf5b233-f4a5-47b6-8ef1-65e78cb6aceb',)
2026-05-25 15:37:10,893 [INFO] sqlalchemy.engine.Engine: SELECT users.branch_id, users.name, users.surname, users.position, users.email, users.password_hash, users.is_active, users.must_change_password, users.id, users.created_at, users.updated_at 
FROM users 
WHERE users.id = $1::INTEGER
2026-05-25 15:37:10,894 [INFO] sqlalchemy.engine.Engine: [generated in 0.00093s] (7,)
2026-05-25 15:37:10,907 [INFO] sqlalchemy.engine.Engine: SELECT branches.id AS branches_id, branches.name AS branches_name, branches.inn AS branches_inn, branches.is_archived AS branches_is_archived, branches.created_at AS branches_created_at, branches.updated_at AS branches_updated_at 
FROM branches 
WHERE branches.id IN ($1::INTEGER)
2026-05-25 15:37:10,908 [INFO] sqlalchemy.engine.Engine: [generated in 0.00084s] (10,)
2026-05-25 15:37:10,923 [INFO] sqlalchemy.engine.Engine: SELECT users_1.id AS users_1_id, roles.name AS roles_name, roles.id AS roles_id, roles.created_at AS roles_created_at, roles.updated_at AS roles_updated_at 
FROM users AS users_1 JOIN user_roles AS user_roles_1 ON users_1.id = user_roles_1.user_id JOIN roles ON roles.id = user_roles_1.role_id 
WHERE users_1.id IN ($1::INTEGER)
2026-05-25 15:37:10,924 [INFO] sqlalchemy.engine.Engine: [generated in 0.00115s] (7,)
2026-05-25 15:37:10,945 [INFO] sqlalchemy.engine.Engine: SELECT assignments.user_id AS assignments_user_id, assignments.stage_id AS assignments_stage_id, assignments.contractor_id AS assignments_contractor_id, assignments.name AS assignments_name, assignments.description AS assignments_description, assignments.is_archived AS assignments_is_archived, assignments.id AS assignments_id, assignments.created_at AS assignments_created_at, assignments.updated_at AS assignments_updated_at 
FROM assignments 
WHERE assignments.user_id IN ($1::INTEGER)
2026-05-25 15:37:10,945 [INFO] sqlalchemy.engine.Engine: [generated in 0.00081s] (7,)
2026-05-25 15:37:10,957 [INFO] sqlalchemy.engine.Engine: SELECT clients.manager_id AS clients_manager_id, clients.name AS clients_name, clients.email AS clients_email, clients.telephone AS clients_telephone, clients.is_archived AS clients_is_archived, clients.id AS clients_id, clients.created_at AS clients_created_at, clients.updated_at AS clients_updated_at 
FROM clients 
WHERE clients.manager_id IN ($1::INTEGER)
2026-05-25 15:37:10,961 [INFO] sqlalchemy.engine.Engine: [generated in 0.00411s] (7,)
2026-05-25 15:37:11,006 [INFO] sqlalchemy.engine.Engine: UPDATE refresh_tokens SET is_active=$1::BOOLEAN, updated_at=$2::TIMESTAMP WITHOUT TIME ZONE WHERE refresh_tokens.id = $3::INTEGER
2026-05-25 15:37:11,007 [INFO] sqlalchemy.engine.Engine: [generated in 0.00076s] (False, datetime.datetime(2026, 5, 25, 12, 37, 11, 6495), 32)
2026-05-25 15:37:11,014 [INFO] sqlalchemy.engine.Engine: INSERT INTO refresh_tokens (jti, device, is_active, exp, user_id, created_at, updated_at) VALUES ($1::VARCHAR, $2::VARCHAR, $3::BOOLEAN, $4::TIMESTAMP WITH TIME ZONE, $5::INTEGER, $6::TIMESTAMP WITHOUT TIME ZONE, $7::TIMESTAMP WITHOUT TIME ZONE) RETURNING refresh_tokens.id
2026-05-25 15:37:11,014 [INFO] sqlalchemy.engine.Engine: [generated in 0.00079s] ('23be08be-5616-4e9e-9ecc-96ee93043ecd', 'PostmanRuntime/7.51.1', True, datetime.datetime(2026, 5, 28, 12, 37, 11, 2635, tzinfo=datetime.timezone.utc), 7, datetime.datetime(2026, 5, 25, 12, 37, 11, 14262), datetime.datetime(2026, 5, 25, 12, 37, 11, 14267))
2026-05-25 15:37:11,023 [INFO] app.middleware: POST /auth/refresh - 200 - 0.566 sec
2026-05-25 15:37:11,024 [INFO] sqlalchemy.engine.Engine: COMMIT
2026-05-25 15:37:14,968 [INFO] sqlalchemy.engine.Engine: BEGIN (implicit)
2026-05-25 15:37:14,984 [INFO] sqlalchemy.engine.Engine: SELECT files.creator_id, files.client_id, files.project_id, files.template_id, files.name, files.unique_name, files.path, files.size, files.mime_type, files.id, files.created_at, files.updated_at 
FROM files 
WHERE files.id = $1::INTEGER
2026-05-25 15:37:14,986 [INFO] sqlalchemy.engine.Engine: [generated in 0.00254s] (9,)
2026-05-25 15:37:15,013 [INFO] sqlalchemy.engine.Engine: SELECT users.id AS users_id, users.branch_id AS users_branch_id, users.name AS users_name, users.surname AS users_surname, users.position AS users_position, users.email AS users_email, users.password_hash AS users_password_hash, users.is_active AS users_is_active, users.must_change_password AS users_must_change_password, users.created_at AS users_created_at, users.updated_at AS users_updated_at 
FROM users 
WHERE users.id IN ($1::INTEGER)
2026-05-25 15:37:15,014 [INFO] sqlalchemy.engine.Engine: [generated in 0.00183s] (7,)
2026-05-25 15:37:15,022 [INFO] sqlalchemy.engine.Engine: SELECT generated_documents.file_id AS generated_documents_file_id, generated_documents.creator_id AS generated_documents_creator_id, generated_documents.template_id AS generated_documents_template_id, generated_documents.id AS generated_documents_id, generated_documents.created_at AS generated_documents_created_at, generated_documents.updated_at AS generated_documents_updated_at 
FROM generated_documents 
WHERE generated_documents.file_id IN ($1::INTEGER)
2026-05-25 15:37:15,024 [INFO] sqlalchemy.engine.Engine: [generated in 0.00217s] (9,)
2026-05-25 15:37:15,050 [INFO] app.middleware: GET /files/9/download - 200 - 0.088 sec
2026-05-25 15:37:15,057 [INFO] sqlalchemy.engine.Engine: COMMIT
2026-05-25 15:39:12,069 [INFO] sqlalchemy.engine.Engine: BEGIN (implicit)
2026-05-25 15:39:12,071 [INFO] sqlalchemy.engine.Engine: SELECT files.creator_id, files.client_id, files.project_id, files.template_id, files.name, files.unique_name, files.path, files.size, files.mime_type, files.id, files.created_at, files.updated_at 
FROM files 
WHERE files.id = $1::INTEGER
2026-05-25 15:39:12,071 [INFO] sqlalchemy.engine.Engine: [cached since 117.1s ago] (5,)
2026-05-25 15:39:12,076 [INFO] sqlalchemy.engine.Engine: SELECT users.id AS users_id, users.branch_id AS users_branch_id, users.name AS users_name, users.surname AS users_surname, users.position AS users_position, users.email AS users_email, users.password_hash AS users_password_hash, users.is_active AS users_is_active, users.must_change_password AS users_must_change_password, users.created_at AS users_created_at, users.updated_at AS users_updated_at 
FROM users 
WHERE users.id IN ($1::INTEGER)
2026-05-25 15:39:12,077 [INFO] sqlalchemy.engine.Engine: [cached since 117.1s ago] (7,)
2026-05-25 15:39:12,081 [INFO] sqlalchemy.engine.Engine: SELECT generated_documents.file_id AS generated_documents_file_id, generated_documents.creator_id AS generated_documents_creator_id, generated_documents.template_id AS generated_documents_template_id, generated_documents.id AS generated_documents_id, generated_documents.created_at AS generated_documents_created_at, generated_documents.updated_at AS generated_documents_updated_at 
FROM generated_documents 
WHERE generated_documents.file_id IN ($1::INTEGER)
2026-05-25 15:39:12,082 [INFO] sqlalchemy.engine.Engine: [cached since 117.1s ago] (5,)
2026-05-25 15:39:12,107 [INFO] sqlalchemy.engine.Engine: SELECT projects.id AS projects_id, projects.client_id AS projects_client_id, projects.contract_id AS projects_contract_id, projects.name AS projects_name, projects.description AS projects_description, projects.start_date AS projects_start_date, projects.end_date AS projects_end_date, projects.is_archived AS projects_is_archived, projects.created_at AS projects_created_at, projects.updated_at AS projects_updated_at 
FROM projects 
WHERE projects.id IN ($1::INTEGER)
2026-05-25 15:39:12,107 [INFO] sqlalchemy.engine.Engine: [generated in 0.00081s] (1,)
2026-05-25 15:39:12,140 [INFO] sqlalchemy.engine.Engine: SELECT projects.client_id, projects.contract_id, projects.name, projects.description, projects.start_date, projects.end_date, projects.is_archived, projects.id, projects.created_at, projects.updated_at 
FROM projects JOIN clients ON clients.id = projects.client_id 
WHERE projects.id = $1::INTEGER
2026-05-25 15:39:12,140 [INFO] sqlalchemy.engine.Engine: [generated in 0.00070s] (1,)
2026-05-25 15:39:12,151 [INFO] sqlalchemy.engine.Engine: SELECT contracts.id AS contracts_id, contracts.branch_id AS contracts_branch_id, contracts.company_id AS contracts_company_id, contracts.status AS contracts_status, contracts.description AS contracts_description, contracts.number AS contracts_number, contracts.name AS contracts_name, contracts.valid_from AS contracts_valid_from, contracts.valid_to AS contracts_valid_to, contracts.is_archived AS contracts_is_archived, contracts.created_at AS contracts_created_at, contracts.updated_at AS contracts_updated_at 
FROM contracts 
WHERE contracts.id IN ($1::INTEGER)
2026-05-25 15:39:12,152 [INFO] sqlalchemy.engine.Engine: [generated in 0.00279s] (1,)
2026-05-25 15:39:12,337 [INFO] sqlalchemy.engine.Engine: SELECT stages.project_id AS stages_project_id, stages.name AS stages_name, stages.position AS stages_position, stages.description AS stages_description, stages.start_date AS stages_start_date, stages.end_date AS stages_end_date, stages.is_archived AS stages_is_archived, stages.id AS stages_id, stages.created_at AS stages_created_at, stages.updated_at AS stages_updated_at 
FROM stages 
WHERE stages.project_id IN ($1::INTEGER) ORDER BY stages.position
2026-05-25 15:39:12,338 [INFO] sqlalchemy.engine.Engine: [generated in 0.00155s] (1,)
2026-05-25 15:39:12,365 [INFO] sqlalchemy.engine.Engine: SELECT files.project_id AS files_project_id, files.creator_id AS files_creator_id, files.client_id AS files_client_id, files.template_id AS files_template_id, files.name AS files_name, files.unique_name AS files_unique_name, files.path AS files_path, files.size AS files_size, files.mime_type AS files_mime_type, files.id AS files_id, files.created_at AS files_created_at, files.updated_at AS files_updated_at 
FROM files 
WHERE files.project_id IN ($1::INTEGER)
2026-05-25 15:39:12,369 [INFO] sqlalchemy.engine.Engine: [generated in 0.00493s] (1,)
2026-05-25 15:39:12,380 [INFO] sqlalchemy.engine.Engine: SELECT clients.id AS clients_id, clients.manager_id AS clients_manager_id, clients.name AS clients_name, clients.email AS clients_email, clients.telephone AS clients_telephone, clients.is_archived AS clients_is_archived, clients.created_at AS clients_created_at, clients.updated_at AS clients_updated_at 
FROM clients 
WHERE clients.id IN ($1::INTEGER)
2026-05-25 15:39:12,381 [INFO] sqlalchemy.engine.Engine: [generated in 0.00126s] (1,)
2026-05-25 15:39:12,391 [INFO] sqlalchemy.engine.Engine: SELECT companies.id AS companies_id, companies.client_id AS companies_client_id, companies.name AS companies_name, companies.inn AS companies_inn, companies.is_archived AS companies_is_archived, companies.created_at AS companies_created_at, companies.updated_at AS companies_updated_at 
FROM companies 
WHERE companies.id IN ($1::INTEGER)
2026-05-25 15:39:12,393 [INFO] sqlalchemy.engine.Engine: [generated in 0.00156s] (1,)
2026-05-25 15:39:12,413 [INFO] sqlalchemy.engine.Engine: SELECT users.id AS users_id, users.branch_id AS users_branch_id, users.name AS users_name, users.surname AS users_surname, users.position AS users_position, users.email AS users_email, users.password_hash AS users_password_hash, users.is_active AS users_is_active, users.must_change_password AS users_must_change_password, users.created_at AS users_created_at, users.updated_at AS users_updated_at 
FROM users 
WHERE users.id IN ($1::INTEGER)
2026-05-25 15:39:12,414 [INFO] sqlalchemy.engine.Engine: [generated in 0.00103s] (7,)
2026-05-25 15:39:12,421 [INFO] app.middleware: GET /files/5/download - 200 - 0.357 sec
2026-05-25 15:39:12,430 [INFO] sqlalchemy.engine.Engine: COMMIT
2026-05-25 15:39:24,769 [INFO] sqlalchemy.engine.Engine: BEGIN (implicit)
2026-05-25 15:39:24,771 [INFO] sqlalchemy.engine.Engine: SELECT files.creator_id, files.client_id, files.project_id, files.template_id, files.name, files.unique_name, files.path, files.size, files.mime_type, files.id, files.created_at, files.updated_at 
FROM files 
WHERE files.id = $1::INTEGER
2026-05-25 15:39:24,771 [INFO] sqlalchemy.engine.Engine: [cached since 129.8s ago] (7,)
2026-05-25 15:39:24,776 [INFO] sqlalchemy.engine.Engine: SELECT users.id AS users_id, users.branch_id AS users_branch_id, users.name AS users_name, users.surname AS users_surname, users.position AS users_position, users.email AS users_email, users.password_hash AS users_password_hash, users.is_active AS users_is_active, users.must_change_password AS users_must_change_password, users.created_at AS users_created_at, users.updated_at AS users_updated_at 
FROM users 
WHERE users.id IN ($1::INTEGER)
2026-05-25 15:39:24,776 [INFO] sqlalchemy.engine.Engine: [cached since 129.8s ago] (7,)
2026-05-25 15:39:24,780 [INFO] sqlalchemy.engine.Engine: SELECT generated_documents.file_id AS generated_documents_file_id, generated_documents.creator_id AS generated_documents_creator_id, generated_documents.template_id AS generated_documents_template_id, generated_documents.id AS generated_documents_id, generated_documents.created_at AS generated_documents_created_at, generated_documents.updated_at AS generated_documents_updated_at 
FROM generated_documents 
WHERE generated_documents.file_id IN ($1::INTEGER)
2026-05-25 15:39:24,780 [INFO] sqlalchemy.engine.Engine: [cached since 129.8s ago] (7,)
2026-05-25 15:39:24,787 [INFO] app.middleware: GET /files/7/download - 200 - 0.021 sec
2026-05-25 15:39:24,791 [INFO] sqlalchemy.engine.Engine: COMMIT
2026-05-25 15:40:15,730 [INFO] sqlalchemy.engine.Engine: BEGIN (implicit)
2026-05-25 15:40:15,732 [INFO] sqlalchemy.engine.Engine: SELECT files.creator_id, files.client_id, files.project_id, files.template_id, files.name, files.unique_name, files.path, files.size, files.mime_type, files.id, files.created_at, files.updated_at 
FROM files 
WHERE files.id = $1::INTEGER
2026-05-25 15:40:15,732 [INFO] sqlalchemy.engine.Engine: [cached since 180.7s ago] (7,)
2026-05-25 15:40:15,736 [INFO] sqlalchemy.engine.Engine: SELECT users.id AS users_id, users.branch_id AS users_branch_id, users.name AS users_name, users.surname AS users_surname, users.position AS users_position, users.email AS users_email, users.password_hash AS users_password_hash, users.is_active AS users_is_active, users.must_change_password AS users_must_change_password, users.created_at AS users_created_at, users.updated_at AS users_updated_at 
FROM users 
WHERE users.id IN ($1::INTEGER)
2026-05-25 15:40:15,737 [INFO] sqlalchemy.engine.Engine: [cached since 180.7s ago] (7,)
2026-05-25 15:40:15,739 [INFO] sqlalchemy.engine.Engine: SELECT generated_documents.file_id AS generated_documents_file_id, generated_documents.creator_id AS generated_documents_creator_id, generated_documents.template_id AS generated_documents_template_id, generated_documents.id AS generated_documents_id, generated_documents.created_at AS generated_documents_created_at, generated_documents.updated_at AS generated_documents_updated_at 
FROM generated_documents 
WHERE generated_documents.file_id IN ($1::INTEGER)
2026-05-25 15:40:15,739 [INFO] sqlalchemy.engine.Engine: [cached since 180.7s ago] (7,)
2026-05-25 15:40:15,743 [INFO] app.middleware: GET /files/7/download - 200 - 0.018 sec
2026-05-25 15:40:15,750 [INFO] sqlalchemy.engine.Engine: COMMIT
2026-05-25 15:41:06,346 [INFO] sqlalchemy.engine.Engine: BEGIN (implicit)
2026-05-25 15:41:06,347 [INFO] sqlalchemy.engine.Engine: SELECT files.creator_id, files.client_id, files.project_id, files.template_id, files.name, files.unique_name, files.path, files.size, files.mime_type, files.id, files.created_at, files.updated_at 
FROM files 
WHERE files.id = $1::INTEGER
2026-05-25 15:41:06,348 [INFO] sqlalchemy.engine.Engine: [cached since 231.4s ago] (7,)
2026-05-25 15:41:06,352 [INFO] sqlalchemy.engine.Engine: SELECT users.id AS users_id, users.branch_id AS users_branch_id, users.name AS users_name, users.surname AS users_surname, users.position AS users_position, users.email AS users_email, users.password_hash AS users_password_hash, users.is_active AS users_is_active, users.must_change_password AS users_must_change_password, users.created_at AS users_created_at, users.updated_at AS users_updated_at 
FROM users 
WHERE users.id IN ($1::INTEGER)
2026-05-25 15:41:06,353 [INFO] sqlalchemy.engine.Engine: [cached since 231.3s ago] (7,)
2026-05-25 15:41:06,355 [INFO] sqlalchemy.engine.Engine: SELECT generated_documents.file_id AS generated_documents_file_id, generated_documents.creator_id AS generated_documents_creator_id, generated_documents.template_id AS generated_documents_template_id, generated_documents.id AS generated_documents_id, generated_documents.created_at AS generated_documents_created_at, generated_documents.updated_at AS generated_documents_updated_at 
FROM generated_documents 
WHERE generated_documents.file_id IN ($1::INTEGER)
2026-05-25 15:41:06,356 [INFO] sqlalchemy.engine.Engine: [cached since 231.3s ago] (7,)
2026-05-25 15:41:06,365 [INFO] app.middleware: GET /files/7/download - 200 - 0.021 sec
2026-05-25 15:41:06,369 [INFO] sqlalchemy.engine.Engine: COMMIT
2026-05-25 15:41:11,426 [INFO] sqlalchemy.engine.Engine: BEGIN (implicit)
2026-05-25 15:41:11,427 [INFO] sqlalchemy.engine.Engine: SELECT files.creator_id, files.client_id, files.project_id, files.template_id, files.name, files.unique_name, files.path, files.size, files.mime_type, files.id, files.created_at, files.updated_at 
FROM files 
WHERE files.id = $1::INTEGER
2026-05-25 15:41:11,428 [INFO] sqlalchemy.engine.Engine: [cached since 236.4s ago] (9,)
2026-05-25 15:41:11,432 [INFO] sqlalchemy.engine.Engine: SELECT users.id AS users_id, users.branch_id AS users_branch_id, users.name AS users_name, users.surname AS users_surname, users.position AS users_position, users.email AS users_email, users.password_hash AS users_password_hash, users.is_active AS users_is_active, users.must_change_password AS users_must_change_password, users.created_at AS users_created_at, users.updated_at AS users_updated_at 
FROM users 
WHERE users.id IN ($1::INTEGER)
2026-05-25 15:41:11,432 [INFO] sqlalchemy.engine.Engine: [cached since 236.4s ago] (7,)
2026-05-25 15:41:11,437 [INFO] sqlalchemy.engine.Engine: SELECT generated_documents.file_id AS generated_documents_file_id, generated_documents.creator_id AS generated_documents_creator_id, generated_documents.template_id AS generated_documents_template_id, generated_documents.id AS generated_documents_id, generated_documents.created_at AS generated_documents_created_at, generated_documents.updated_at AS generated_documents_updated_at 
FROM generated_documents 
WHERE generated_documents.file_id IN ($1::INTEGER)
2026-05-25 15:41:11,438 [INFO] sqlalchemy.engine.Engine: [cached since 236.4s ago] (9,)
2026-05-25 15:41:11,446 [INFO] app.middleware: GET /files/9/download - 200 - 0.022 sec
2026-05-25 15:41:11,455 [INFO] sqlalchemy.engine.Engine: COMMIT
2026-05-25 15:43:40,819 [INFO] sqlalchemy.engine.Engine: BEGIN (implicit)
2026-05-25 15:43:40,821 [INFO] sqlalchemy.engine.Engine: SELECT files.creator_id, files.client_id, files.project_id, files.template_id, files.name, files.unique_name, files.path, files.size, files.mime_type, files.id, files.created_at, files.updated_at 
FROM files 
WHERE files.id = $1::INTEGER
2026-05-25 15:43:40,821 [INFO] sqlalchemy.engine.Engine: [cached since 385.8s ago] (9,)
2026-05-25 15:43:40,825 [INFO] sqlalchemy.engine.Engine: SELECT users.id AS users_id, users.branch_id AS users_branch_id, users.name AS users_name, users.surname AS users_surname, users.position AS users_position, users.email AS users_email, users.password_hash AS users_password_hash, users.is_active AS users_is_active, users.must_change_password AS users_must_change_password, users.created_at AS users_created_at, users.updated_at AS users_updated_at 
FROM users 
WHERE users.id IN ($1::INTEGER)
2026-05-25 15:43:40,825 [INFO] sqlalchemy.engine.Engine: [cached since 385.8s ago] (7,)
2026-05-25 15:43:40,829 [INFO] sqlalchemy.engine.Engine: SELECT generated_documents.file_id AS generated_documents_file_id, generated_documents.creator_id AS generated_documents_creator_id, generated_documents.template_id AS generated_documents_template_id, generated_documents.id AS generated_documents_id, generated_documents.created_at AS generated_documents_created_at, generated_documents.updated_at AS generated_documents_updated_at 
FROM generated_documents 
WHERE generated_documents.file_id IN ($1::INTEGER)
2026-05-25 15:43:40,829 [INFO] sqlalchemy.engine.Engine: [cached since 385.8s ago] (9,)
2026-05-25 15:43:40,833 [INFO] app.middleware: GET /files/9/download - 200 - 0.017 sec
2026-05-25 15:43:40,842 [INFO] sqlalchemy.engine.Engine: COMMIT
2026-05-25 15:45:47,698 [INFO] app.middleware: PATCH /doc-template/1 - 422 - 0.122 sec
2026-05-25 15:46:09,507 [INFO] app.middleware: PATCH /doc-template/1 - 422 - 0.007 sec
2026-05-25 15:47:33,200 [INFO] sqlalchemy.engine.Engine: BEGIN (implicit)
2026-05-25 15:47:33,263 [INFO] sqlalchemy.engine.Engine: SELECT document_templates.name, document_templates.description, document_templates.variables, document_templates.required_entities, document_templates.is_public, document_templates.creator_id, document_templates.id, document_templates.created_at, document_templates.updated_at 
FROM document_templates 
WHERE document_templates.id = $1::INTEGER
2026-05-25 15:47:33,264 [INFO] sqlalchemy.engine.Engine: [generated in 0.00249s] (1,)
2026-05-25 15:47:33,348 [INFO] sqlalchemy.engine.Engine: ROLLBACK
2026-05-25 15:47:33,352 [INFO] app.middleware: PATCH /doc-template/1 - 404 - 0.197 sec
2026-05-25 15:47:39,087 [INFO] sqlalchemy.engine.Engine: BEGIN (implicit)
2026-05-25 15:47:39,088 [INFO] sqlalchemy.engine.Engine: SELECT document_templates.name, document_templates.description, document_templates.variables, document_templates.required_entities, document_templates.is_public, document_templates.creator_id, document_templates.id, document_templates.created_at, document_templates.updated_at 
FROM document_templates 
WHERE document_templates.id = $1::INTEGER
2026-05-25 15:47:39,088 [INFO] sqlalchemy.engine.Engine: [cached since 5.827s ago] (2,)
2026-05-25 15:47:39,112 [INFO] sqlalchemy.engine.Engine: SELECT files.template_id AS files_template_id, files.creator_id AS files_creator_id, files.client_id AS files_client_id, files.project_id AS files_project_id, files.name AS files_name, files.unique_name AS files_unique_name, files.path AS files_path, files.size AS files_size, files.mime_type AS files_mime_type, files.id AS files_id, files.created_at AS files_created_at, files.updated_at AS files_updated_at 
FROM files 
WHERE files.template_id IN ($1::INTEGER)
2026-05-25 15:47:39,114 [INFO] sqlalchemy.engine.Engine: [generated in 0.00329s] (2,)
2026-05-25 15:47:39,129 [INFO] sqlalchemy.engine.Engine: SELECT users.id AS users_id, users.branch_id AS users_branch_id, users.name AS users_name, users.surname AS users_surname, users.position AS users_position, users.email AS users_email, users.password_hash AS users_password_hash, users.is_active AS users_is_active, users.must_change_password AS users_must_change_password, users.created_at AS users_created_at, users.updated_at AS users_updated_at 
FROM users 
WHERE users.id IN ($1::INTEGER)
2026-05-25 15:47:39,130 [INFO] sqlalchemy.engine.Engine: [generated in 0.00127s] (7,)
2026-05-25 15:47:39,176 [INFO] app.middleware: PATCH /doc-template/2 - 200 - 0.095 sec
2026-05-25 15:47:39,212 [INFO] sqlalchemy.engine.Engine: COMMIT
2026-05-25 15:48:20,126 [INFO] sqlalchemy.engine.Engine: BEGIN (implicit)
2026-05-25 15:48:20,127 [INFO] sqlalchemy.engine.Engine: SELECT document_templates.name, document_templates.description, document_templates.variables, document_templates.required_entities, document_templates.is_public, document_templates.creator_id, document_templates.id, document_templates.created_at, document_templates.updated_at 
FROM document_templates 
WHERE document_templates.id = $1::INTEGER
2026-05-25 15:48:20,128 [INFO] sqlalchemy.engine.Engine: [cached since 46.87s ago] (2,)
2026-05-25 15:48:20,133 [INFO] sqlalchemy.engine.Engine: SELECT files.template_id AS files_template_id, files.creator_id AS files_creator_id, files.client_id AS files_client_id, files.project_id AS files_project_id, files.name AS files_name, files.unique_name AS files_unique_name, files.path AS files_path, files.size AS files_size, files.mime_type AS files_mime_type, files.id AS files_id, files.created_at AS files_created_at, files.updated_at AS files_updated_at 
FROM files 
WHERE files.template_id IN ($1::INTEGER)
2026-05-25 15:48:20,135 [INFO] sqlalchemy.engine.Engine: [cached since 41.02s ago] (2,)
2026-05-25 15:48:20,142 [INFO] sqlalchemy.engine.Engine: SELECT users.id AS users_id, users.branch_id AS users_branch_id, users.name AS users_name, users.surname AS users_surname, users.position AS users_position, users.email AS users_email, users.password_hash AS users_password_hash, users.is_active AS users_is_active, users.must_change_password AS users_must_change_password, users.created_at AS users_created_at, users.updated_at AS users_updated_at 
FROM users 
WHERE users.id IN ($1::INTEGER)
2026-05-25 15:48:20,147 [INFO] sqlalchemy.engine.Engine: [cached since 41.02s ago] (7,)
2026-05-25 15:48:20,155 [INFO] app.middleware: GET /doc-template/2 - 200 - 0.035 sec
2026-05-25 15:48:20,161 [INFO] sqlalchemy.engine.Engine: COMMIT
2026-05-25 15:48:39,070 [INFO] app.middleware: DELETE /doc-template/1 - 401 - 0.005 sec
2026-05-25 15:48:51,788 [INFO] sqlalchemy.engine.Engine: BEGIN (implicit)
2026-05-25 15:48:51,789 [INFO] sqlalchemy.engine.Engine: SELECT document_templates.name, document_templates.description, document_templates.variables, document_templates.required_entities, document_templates.is_public, document_templates.creator_id, document_templates.id, document_templates.created_at, document_templates.updated_at 
FROM document_templates 
WHERE document_templates.id = $1::INTEGER
2026-05-25 15:48:51,789 [INFO] sqlalchemy.engine.Engine: [cached since 78.53s ago] (1,)
2026-05-25 15:48:51,791 [INFO] sqlalchemy.engine.Engine: ROLLBACK
2026-05-25 15:48:51,793 [INFO] app.middleware: DELETE /doc-template/1 - 404 - 0.007 sec
2026-05-25 15:49:00,648 [INFO] sqlalchemy.engine.Engine: BEGIN (implicit)
2026-05-25 15:49:00,683 [INFO] sqlalchemy.engine.Engine: SELECT count(*) AS count_1 
FROM (SELECT DISTINCT generated_documents.creator_id AS creator_id, generated_documents.template_id AS template_id, generated_documents.file_id AS file_id, generated_documents.id AS id, generated_documents.created_at AS created_at, generated_documents.updated_at AS updated_at 
FROM generated_documents 
WHERE generated_documents.creator_id = $1::INTEGER ORDER BY generated_documents.created_at DESC, generated_documents.id DESC) AS anon_1
2026-05-25 15:49:00,686 [INFO] sqlalchemy.engine.Engine: [generated in 0.00253s] (7,)
2026-05-25 15:49:00,730 [INFO] sqlalchemy.engine.Engine: SELECT generated_documents.creator_id, generated_documents.template_id, generated_documents.file_id, generated_documents.id, generated_documents.created_at, generated_documents.updated_at 
FROM generated_documents 
WHERE generated_documents.creator_id = $1::INTEGER ORDER BY generated_documents.created_at DESC, generated_documents.id DESC 
 LIMIT $2::INTEGER OFFSET $3::INTEGER
2026-05-25 15:49:00,731 [INFO] sqlalchemy.engine.Engine: [generated in 0.00108s] (7, 20, 0)
2026-05-25 15:49:00,745 [INFO] sqlalchemy.engine.Engine: SELECT files.id AS files_id, files.creator_id AS files_creator_id, files.client_id AS files_client_id, files.project_id AS files_project_id, files.template_id AS files_template_id, files.name AS files_name, files.unique_name AS files_unique_name, files.path AS files_path, files.size AS files_size, files.mime_type AS files_mime_type, files.created_at AS files_created_at, files.updated_at AS files_updated_at 
FROM files 
WHERE files.id IN ($1::INTEGER, $2::INTEGER)
2026-05-25 15:49:00,746 [INFO] sqlalchemy.engine.Engine: [generated in 0.00168s] (7, 9)
2026-05-25 15:49:00,766 [INFO] app.middleware: GET /generated-docs - 200 - 0.150 sec
2026-05-25 15:49:00,772 [INFO] sqlalchemy.engine.Engine: COMMIT
2026-05-25 15:49:21,153 [INFO] sqlalchemy.engine.Engine: BEGIN (implicit)
2026-05-25 15:49:21,161 [INFO] sqlalchemy.engine.Engine: SELECT count(*) AS count_1 
FROM (SELECT DISTINCT document_templates.name AS name, document_templates.description AS description, document_templates.variables AS variables, document_templates.required_entities AS required_entities, document_templates.is_public AS is_public, document_templates.creator_id AS creator_id, document_templates.id AS id, document_templates.created_at AS created_at, document_templates.updated_at AS updated_at 
FROM document_templates JOIN users ON users.id = document_templates.creator_id ORDER BY document_templates.created_at DESC, document_templates.id DESC) AS anon_1
2026-05-25 15:49:21,164 [INFO] sqlalchemy.engine.Engine: [generated in 0.00450s] ()
2026-05-25 15:49:21,184 [INFO] sqlalchemy.engine.Engine: SELECT document_templates.name, document_templates.description, document_templates.variables, document_templates.required_entities, document_templates.is_public, document_templates.creator_id, document_templates.id, document_templates.created_at, document_templates.updated_at 
FROM document_templates JOIN users ON users.id = document_templates.creator_id ORDER BY document_templates.created_at DESC, document_templates.id DESC 
 LIMIT $1::INTEGER OFFSET $2::INTEGER
2026-05-25 15:49:21,184 [INFO] sqlalchemy.engine.Engine: [generated in 0.00065s] (20, 0)
2026-05-25 15:49:21,189 [INFO] sqlalchemy.engine.Engine: SELECT users.id AS users_id, users.branch_id AS users_branch_id, users.name AS users_name, users.surname AS users_surname, users.position AS users_position, users.email AS users_email, users.password_hash AS users_password_hash, users.is_active AS users_is_active, users.must_change_password AS users_must_change_password, users.created_at AS users_created_at, users.updated_at AS users_updated_at 
FROM users 
WHERE users.id IN ($1::INTEGER)
2026-05-25 15:49:21,189 [INFO] sqlalchemy.engine.Engine: [generated in 0.00064s] (7,)
2026-05-25 15:49:21,193 [INFO] app.middleware: GET /doc-template - 200 - 0.046 sec
2026-05-25 15:49:21,194 [INFO] sqlalchemy.engine.Engine: COMMIT
2026-05-25 19:04:06,204 [INFO] sqlalchemy.engine.Engine: select pg_catalog.version()
2026-05-25 19:04:06,206 [INFO] sqlalchemy.engine.Engine: [raw sql] ()
2026-05-25 19:04:06,236 [INFO] sqlalchemy.engine.Engine: select current_schema()
2026-05-25 19:04:06,237 [INFO] sqlalchemy.engine.Engine: [raw sql] ()
2026-05-25 19:04:06,246 [INFO] sqlalchemy.engine.Engine: show standard_conforming_strings
2026-05-25 19:04:06,248 [INFO] sqlalchemy.engine.Engine: [raw sql] ()
2026-05-25 19:04:06,254 [INFO] sqlalchemy.engine.Engine: BEGIN (implicit)
2026-05-25 19:04:06,367 [INFO] sqlalchemy.engine.Engine: SELECT refresh_tokens.jti, refresh_tokens.device, refresh_tokens.is_active, refresh_tokens.exp, refresh_tokens.user_id, refresh_tokens.id, refresh_tokens.created_at, refresh_tokens.updated_at 
FROM refresh_tokens 
WHERE refresh_tokens.jti = $1::VARCHAR FOR UPDATE
2026-05-25 19:04:06,368 [INFO] sqlalchemy.engine.Engine: [generated in 0.00058s] ('23be08be-5616-4e9e-9ecc-96ee93043ecd',)
2026-05-25 19:04:06,458 [INFO] sqlalchemy.engine.Engine: SELECT users.branch_id, users.name, users.surname, users.position, users.email, users.password_hash, users.is_active, users.must_change_password, users.id, users.created_at, users.updated_at 
FROM users 
WHERE users.id = $1::INTEGER
2026-05-25 19:04:06,459 [INFO] sqlalchemy.engine.Engine: [generated in 0.00081s] (7,)
2026-05-25 19:04:06,483 [INFO] sqlalchemy.engine.Engine: SELECT branches.id AS branches_id, branches.name AS branches_name, branches.inn AS branches_inn, branches.is_archived AS branches_is_archived, branches.created_at AS branches_created_at, branches.updated_at AS branches_updated_at 
FROM branches 
WHERE branches.id IN ($1::INTEGER)
2026-05-25 19:04:06,484 [INFO] sqlalchemy.engine.Engine: [generated in 0.00170s] (10,)
2026-05-25 19:04:06,513 [INFO] sqlalchemy.engine.Engine: SELECT users_1.id AS users_1_id, roles.name AS roles_name, roles.id AS roles_id, roles.created_at AS roles_created_at, roles.updated_at AS roles_updated_at 
FROM users AS users_1 JOIN user_roles AS user_roles_1 ON users_1.id = user_roles_1.user_id JOIN roles ON roles.id = user_roles_1.role_id 
WHERE users_1.id IN ($1::INTEGER)
2026-05-25 19:04:06,514 [INFO] sqlalchemy.engine.Engine: [generated in 0.00081s] (7,)
2026-05-25 19:04:06,543 [INFO] sqlalchemy.engine.Engine: SELECT assignments.user_id AS assignments_user_id, assignments.stage_id AS assignments_stage_id, assignments.contractor_id AS assignments_contractor_id, assignments.name AS assignments_name, assignments.description AS assignments_description, assignments.is_archived AS assignments_is_archived, assignments.id AS assignments_id, assignments.created_at AS assignments_created_at, assignments.updated_at AS assignments_updated_at 
FROM assignments 
WHERE assignments.user_id IN ($1::INTEGER)
2026-05-25 19:04:06,544 [INFO] sqlalchemy.engine.Engine: [generated in 0.00172s] (7,)
2026-05-25 19:04:06,564 [INFO] sqlalchemy.engine.Engine: SELECT clients.manager_id AS clients_manager_id, clients.name AS clients_name, clients.email AS clients_email, clients.telephone AS clients_telephone, clients.is_archived AS clients_is_archived, clients.id AS clients_id, clients.created_at AS clients_created_at, clients.updated_at AS clients_updated_at 
FROM clients 
WHERE clients.manager_id IN ($1::INTEGER)
2026-05-25 19:04:06,565 [INFO] sqlalchemy.engine.Engine: [generated in 0.00151s] (7,)
2026-05-25 19:04:06,625 [INFO] sqlalchemy.engine.Engine: UPDATE refresh_tokens SET is_active=$1::BOOLEAN, updated_at=$2::TIMESTAMP WITHOUT TIME ZONE WHERE refresh_tokens.id = $3::INTEGER
2026-05-25 19:04:06,625 [INFO] sqlalchemy.engine.Engine: [generated in 0.00069s] (False, datetime.datetime(2026, 5, 25, 16, 4, 6, 625273), 33)
2026-05-25 19:04:06,634 [INFO] sqlalchemy.engine.Engine: INSERT INTO refresh_tokens (jti, device, is_active, exp, user_id, created_at, updated_at) VALUES ($1::VARCHAR, $2::VARCHAR, $3::BOOLEAN, $4::TIMESTAMP WITH TIME ZONE, $5::INTEGER, $6::TIMESTAMP WITHOUT TIME ZONE, $7::TIMESTAMP WITHOUT TIME ZONE) RETURNING refresh_tokens.id
2026-05-25 19:04:06,634 [INFO] sqlalchemy.engine.Engine: [generated in 0.00093s] ('6cdc736c-3ac7-49be-829d-99039a2d49e9', 'PostmanRuntime/7.51.1', True, datetime.datetime(2026, 5, 28, 16, 4, 6, 621561, tzinfo=datetime.timezone.utc), 7, datetime.datetime(2026, 5, 25, 16, 4, 6, 633962), datetime.datetime(2026, 5, 25, 16, 4, 6, 633970))
2026-05-25 19:04:06,644 [INFO] app.middleware: POST /auth/refresh - 200 - 0.676 sec
2026-05-25 19:04:06,645 [INFO] sqlalchemy.engine.Engine: COMMIT
2026-05-25 19:04:19,627 [INFO] sqlalchemy.engine.Engine: BEGIN (implicit)
2026-05-25 19:04:19,632 [INFO] sqlalchemy.engine.Engine: SELECT document_templates.name, document_templates.description, document_templates.variables, document_templates.required_entities, document_templates.is_public, document_templates.creator_id, document_templates.id, document_templates.created_at, document_templates.updated_at 
FROM document_templates 
WHERE document_templates.id = $1::INTEGER
2026-05-25 19:04:19,633 [INFO] sqlalchemy.engine.Engine: [generated in 0.00100s] (1,)
2026-05-25 19:04:19,653 [INFO] sqlalchemy.engine.Engine: ROLLBACK
2026-05-25 19:04:19,657 [INFO] app.middleware: GET /doc-template/1 - 404 - 0.039 sec
2026-05-25 19:04:48,743 [INFO] sqlalchemy.engine.Engine: BEGIN (implicit)
2026-05-25 19:04:48,754 [INFO] sqlalchemy.engine.Engine: SELECT files.creator_id, files.client_id, files.project_id, files.template_id, files.name, files.unique_name, files.path, files.size, files.mime_type, files.id, files.created_at, files.updated_at 
FROM files 
WHERE files.id = $1::INTEGER
2026-05-25 19:04:48,756 [INFO] sqlalchemy.engine.Engine: [generated in 0.00263s] (7,)
2026-05-25 19:04:48,780 [INFO] sqlalchemy.engine.Engine: SELECT users.id AS users_id, users.branch_id AS users_branch_id, users.name AS users_name, users.surname AS users_surname, users.position AS users_position, users.email AS users_email, users.password_hash AS users_password_hash, users.is_active AS users_is_active, users.must_change_password AS users_must_change_password, users.created_at AS users_created_at, users.updated_at AS users_updated_at 
FROM users 
WHERE users.id IN ($1::INTEGER)
2026-05-25 19:04:48,781 [INFO] sqlalchemy.engine.Engine: [generated in 0.00124s] (7,)
2026-05-25 19:04:48,798 [INFO] sqlalchemy.engine.Engine: SELECT generated_documents.file_id AS generated_documents_file_id, generated_documents.creator_id AS generated_documents_creator_id, generated_documents.template_id AS generated_documents_template_id, generated_documents.id AS generated_documents_id, generated_documents.created_at AS generated_documents_created_at, generated_documents.updated_at AS generated_documents_updated_at 
FROM generated_documents 
WHERE generated_documents.file_id IN ($1::INTEGER)
2026-05-25 19:04:48,801 [INFO] sqlalchemy.engine.Engine: [generated in 0.00354s] (7,)
2026-05-25 19:04:48,863 [INFO] app.middleware: GET /files/7 - 200 - 0.127 sec
2026-05-25 19:04:48,866 [INFO] sqlalchemy.engine.Engine: COMMIT
2026-05-25 19:06:45,260 [INFO] sqlalchemy.engine.Engine: select pg_catalog.version()
2026-05-25 19:06:45,261 [INFO] sqlalchemy.engine.Engine: [raw sql] ()
2026-05-25 19:06:45,265 [INFO] sqlalchemy.engine.Engine: select current_schema()
2026-05-25 19:06:45,266 [INFO] sqlalchemy.engine.Engine: [raw sql] ()
2026-05-25 19:06:45,272 [INFO] sqlalchemy.engine.Engine: show standard_conforming_strings
2026-05-25 19:06:45,278 [INFO] sqlalchemy.engine.Engine: [raw sql] ()
2026-05-25 19:06:45,283 [INFO] sqlalchemy.engine.Engine: BEGIN (implicit)
2026-05-25 19:06:45,296 [INFO] sqlalchemy.engine.Engine: SELECT document_templates.name, document_templates.description, document_templates.variables, document_templates.required_entities, document_templates.is_public, document_templates.creator_id, document_templates.id, document_templates.created_at, document_templates.updated_at 
FROM document_templates 
WHERE document_templates.id = $1::INTEGER
2026-05-25 19:06:45,299 [INFO] sqlalchemy.engine.Engine: [generated in 0.00325s] (2,)
2026-05-25 19:06:45,366 [INFO] sqlalchemy.engine.Engine: SELECT files.template_id AS files_template_id, files.creator_id AS files_creator_id, files.client_id AS files_client_id, files.project_id AS files_project_id, files.name AS files_name, files.unique_name AS files_unique_name, files.path AS files_path, files.size AS files_size, files.mime_type AS files_mime_type, files.id AS files_id, files.created_at AS files_created_at, files.updated_at AS files_updated_at 
FROM files 
WHERE files.template_id IN ($1::INTEGER)
2026-05-25 19:06:45,367 [INFO] sqlalchemy.engine.Engine: [generated in 0.00104s] (2,)
2026-05-25 19:06:45,383 [INFO] sqlalchemy.engine.Engine: SELECT users.id AS users_id, users.branch_id AS users_branch_id, users.name AS users_name, users.surname AS users_surname, users.position AS users_position, users.email AS users_email, users.password_hash AS users_password_hash, users.is_active AS users_is_active, users.must_change_password AS users_must_change_password, users.created_at AS users_created_at, users.updated_at AS users_updated_at 
FROM users 
WHERE users.id IN ($1::INTEGER)
2026-05-25 19:06:45,384 [INFO] sqlalchemy.engine.Engine: [generated in 0.00141s] (7,)
2026-05-25 19:06:45,405 [INFO] app.middleware: DELETE /doc-template/2 - 200 - 0.394 sec
2026-05-25 19:06:45,413 [INFO] sqlalchemy.engine.Engine: SELECT generated_documents.creator_id AS generated_documents_creator_id, generated_documents.template_id AS generated_documents_template_id, generated_documents.file_id AS generated_documents_file_id, generated_documents.id AS generated_documents_id, generated_documents.created_at AS generated_documents_created_at, generated_documents.updated_at AS generated_documents_updated_at 
FROM generated_documents 
WHERE $1::INTEGER = generated_documents.template_id
2026-05-25 19:06:45,417 [INFO] sqlalchemy.engine.Engine: [generated in 0.00361s] (2,)
2026-05-25 19:06:45,437 [INFO] sqlalchemy.engine.Engine: UPDATE files SET template_id=$1::INTEGER, updated_at=$2::TIMESTAMP WITHOUT TIME ZONE WHERE files.id = $3::INTEGER
2026-05-25 19:06:45,438 [INFO] sqlalchemy.engine.Engine: [generated in 0.00131s] (None, datetime.datetime(2026, 5, 25, 16, 6, 45, 437411), 8)
2026-05-25 19:06:45,444 [INFO] sqlalchemy.engine.Engine: UPDATE generated_documents SET template_id=$1::INTEGER, updated_at=$2::TIMESTAMP WITHOUT TIME ZONE WHERE generated_documents.id = $3::INTEGER
2026-05-25 19:06:45,445 [INFO] sqlalchemy.engine.Engine: [generated in 0.00109s] (None, datetime.datetime(2026, 5, 25, 16, 6, 45, 444608), 2)
2026-05-25 19:06:45,453 [INFO] sqlalchemy.engine.Engine: DELETE FROM document_templates WHERE document_templates.id = $1::INTEGER
2026-05-25 19:06:45,454 [INFO] sqlalchemy.engine.Engine: [generated in 0.00097s] (2,)
2026-05-25 19:06:45,459 [INFO] sqlalchemy.engine.Engine: COMMIT
2026-05-25 19:07:11,840 [INFO] sqlalchemy.engine.Engine: BEGIN (implicit)
2026-05-25 19:07:11,847 [INFO] sqlalchemy.engine.Engine: SELECT count(*) AS count_1 
FROM (SELECT DISTINCT generated_documents.creator_id AS creator_id, generated_documents.template_id AS template_id, generated_documents.file_id AS file_id, generated_documents.id AS id, generated_documents.created_at AS created_at, generated_documents.updated_at AS updated_at 
FROM generated_documents 
WHERE generated_documents.creator_id = $1::INTEGER ORDER BY generated_documents.created_at DESC, generated_documents.id DESC) AS anon_1
2026-05-25 19:07:11,860 [INFO] sqlalchemy.engine.Engine: [generated in 0.01280s] (7,)
2026-05-25 19:07:11,876 [INFO] sqlalchemy.engine.Engine: SELECT generated_documents.creator_id, generated_documents.template_id, generated_documents.file_id, generated_documents.id, generated_documents.created_at, generated_documents.updated_at 
FROM generated_documents 
WHERE generated_documents.creator_id = $1::INTEGER ORDER BY generated_documents.created_at DESC, generated_documents.id DESC 
 LIMIT $2::INTEGER OFFSET $3::INTEGER
2026-05-25 19:07:11,878 [INFO] sqlalchemy.engine.Engine: [generated in 0.00158s] (7, 20, 0)
2026-05-25 19:07:11,887 [INFO] sqlalchemy.engine.Engine: SELECT files.id AS files_id, files.creator_id AS files_creator_id, files.client_id AS files_client_id, files.project_id AS files_project_id, files.template_id AS files_template_id, files.name AS files_name, files.unique_name AS files_unique_name, files.path AS files_path, files.size AS files_size, files.mime_type AS files_mime_type, files.created_at AS files_created_at, files.updated_at AS files_updated_at 
FROM files 
WHERE files.id IN ($1::INTEGER, $2::INTEGER)
2026-05-25 19:07:11,888 [INFO] sqlalchemy.engine.Engine: [generated in 0.00124s] (7, 9)
2026-05-25 19:07:11,900 [INFO] app.middleware: GET /generated-docs - 200 - 0.065 sec
2026-05-25 19:07:11,903 [INFO] sqlalchemy.engine.Engine: COMMIT
2026-05-25 19:08:54,975 [DEBUG] python_multipart.multipart: Calling on_part_begin with no data
2026-05-25 19:08:54,975 [DEBUG] python_multipart.multipart: Calling on_header_field with data[54:73]
2026-05-25 19:08:54,976 [DEBUG] python_multipart.multipart: Calling on_header_value with data[75:97]
2026-05-25 19:08:54,976 [DEBUG] python_multipart.multipart: Calling on_header_end with no data
2026-05-25 19:08:54,976 [DEBUG] python_multipart.multipart: Calling on_headers_finished with no data
2026-05-25 19:08:54,976 [DEBUG] python_multipart.multipart: Calling on_part_data with data[101:109]
2026-05-25 19:08:54,976 [DEBUG] python_multipart.multipart: Calling on_part_end with no data
2026-05-25 19:08:54,976 [DEBUG] python_multipart.multipart: Calling on_part_begin with no data
2026-05-25 19:08:54,976 [DEBUG] python_multipart.multipart: Calling on_header_field with data[165:184]
2026-05-25 19:08:54,976 [DEBUG] python_multipart.multipart: Calling on_header_value with data[186:215]
2026-05-25 19:08:54,976 [DEBUG] python_multipart.multipart: Calling on_header_end with no data
2026-05-25 19:08:54,976 [DEBUG] python_multipart.multipart: Calling on_headers_finished with no data
2026-05-25 19:08:54,976 [DEBUG] python_multipart.multipart: Calling on_part_data with data[219:253]
2026-05-25 19:08:54,976 [DEBUG] python_multipart.multipart: Calling on_part_end with no data
2026-05-25 19:08:54,976 [DEBUG] python_multipart.multipart: Calling on_part_begin with no data
2026-05-25 19:08:54,976 [DEBUG] python_multipart.multipart: Calling on_header_field with data[309:328]
2026-05-25 19:08:54,976 [DEBUG] python_multipart.multipart: Calling on_header_value with data[330:357]
2026-05-25 19:08:54,976 [DEBUG] python_multipart.multipart: Calling on_header_end with no data
2026-05-25 19:08:54,977 [DEBUG] python_multipart.multipart: Calling on_headers_finished with no data
2026-05-25 19:08:54,977 [DEBUG] python_multipart.multipart: Calling on_part_data with data[361:365]
2026-05-25 19:08:54,977 [DEBUG] python_multipart.multipart: Calling on_part_end with no data
2026-05-25 19:08:54,977 [DEBUG] python_multipart.multipart: Calling on_part_begin with no data
2026-05-25 19:08:54,977 [DEBUG] python_multipart.multipart: Calling on_header_field with data[421:440]
2026-05-25 19:08:54,977 [DEBUG] python_multipart.multipart: Calling on_header_value with data[442:477]
2026-05-25 19:08:54,977 [DEBUG] python_multipart.multipart: Calling on_header_end with no data
2026-05-25 19:08:54,977 [DEBUG] python_multipart.multipart: Calling on_headers_finished with no data
2026-05-25 19:08:54,977 [DEBUG] python_multipart.multipart: Calling on_part_data with data[481:498]
2026-05-25 19:08:54,977 [DEBUG] python_multipart.multipart: Calling on_part_end with no data
2026-05-25 19:08:54,977 [DEBUG] python_multipart.multipart: Calling on_part_begin with no data
2026-05-25 19:08:54,977 [DEBUG] python_multipart.multipart: Calling on_header_field with data[554:573]
2026-05-25 19:08:54,977 [DEBUG] python_multipart.multipart: Calling on_header_value with data[575:623]
2026-05-25 19:08:54,977 [DEBUG] python_multipart.multipart: Calling on_header_end with no data
2026-05-25 19:08:54,977 [DEBUG] python_multipart.multipart: Calling on_header_field with data[625:637]
2026-05-25 19:08:54,977 [DEBUG] python_multipart.multipart: Calling on_header_value with data[639:710]
2026-05-25 19:08:54,977 [DEBUG] python_multipart.multipart: Calling on_header_end with no data
2026-05-25 19:08:54,977 [DEBUG] python_multipart.multipart: Calling on_headers_finished with no data
2026-05-25 19:08:54,978 [DEBUG] python_multipart.multipart: Calling on_part_data with data[0:12827]
2026-05-25 19:08:54,978 [DEBUG] python_multipart.multipart: Calling on_part_end with no data
2026-05-25 19:08:54,978 [DEBUG] python_multipart.multipart: Calling on_end with no data
2026-05-25 19:08:54,983 [INFO] sqlalchemy.engine.Engine: BEGIN (implicit)
2026-05-25 19:08:54,984 [INFO] sqlalchemy.engine.Engine: SELECT document_templates.name, document_templates.description, document_templates.variables, document_templates.required_entities, document_templates.is_public, document_templates.creator_id, document_templates.id, document_templates.created_at, document_templates.updated_at 
FROM document_templates 
WHERE document_templates.name = $1::VARCHAR
2026-05-25 19:08:54,985 [INFO] sqlalchemy.engine.Engine: [generated in 0.00041s] ('Testing2',)
2026-05-25 19:08:54,990 [INFO] sqlalchemy.engine.Engine: INSERT INTO document_templates (name, description, variables, required_entities, is_public, creator_id, created_at, updated_at) VALUES ($1::VARCHAR, $2::VARCHAR, $3::VARCHAR(255)[], $4::VARCHAR(255)[], $5::BOOLEAN, $6::INTEGER, $7::TIMESTAMP WITHOUT TIME ZONE, $8::TIMESTAMP WITHOUT TIME ZONE) RETURNING document_templates.id
2026-05-25 19:08:54,991 [INFO] sqlalchemy.engine.Engine: [generated in 0.00209s] ('Testing2', 'Testing doc-template possibilities', None, ['[project, client]'], True, 7, datetime.datetime(2026, 5, 25, 16, 8, 54, 989853), datetime.datetime(2026, 5, 25, 16, 8, 54, 989857))
2026-05-25 19:08:55,044 [INFO] sqlalchemy.engine.Engine: INSERT INTO files (creator_id, client_id, project_id, template_id, name, unique_name, path, size, mime_type, created_at, updated_at) VALUES ($1::INTEGER, $2::INTEGER, $3::INTEGER, $4::INTEGER, $5::VARCHAR, $6::VARCHAR, $7::VARCHAR, $8::BIGINT, $9::VARCHAR, $10::TIMESTAMP WITHOUT TIME ZONE, $11::TIMESTAMP WITHOUT TIME ZONE) RETURNING files.id
2026-05-25 19:08:55,045 [INFO] sqlalchemy.engine.Engine: [generated in 0.00111s] (7, None, None, None, 'template.docx', '696d65a6185a431093cda016c0c3b0.docx', './uploads\\696d65a6185a431093cda016c0c3b0.docx', 12827, 'application/vnd.openxmlformats-officedocument.wordprocessingml.document', datetime.datetime(2026, 5, 25, 16, 8, 55, 44266), datetime.datetime(2026, 5, 25, 16, 8, 55, 44276))
2026-05-25 19:08:55,105 [INFO] app.middleware: POST /doc-template - 200 - 0.133 sec
2026-05-25 19:08:55,109 [INFO] sqlalchemy.engine.Engine: UPDATE document_templates SET variables=$1::VARCHAR(255)[], updated_at=$2::TIMESTAMP WITHOUT TIME ZONE WHERE document_templates.id = $3::INTEGER
2026-05-25 19:08:55,110 [INFO] sqlalchemy.engine.Engine: [generated in 0.00094s] (['client_name', 'user_name', 'project_name', 'user_username'], datetime.datetime(2026, 5, 25, 16, 8, 55, 109680), 3)
2026-05-25 19:08:55,114 [INFO] sqlalchemy.engine.Engine: UPDATE files SET template_id=$1::INTEGER, updated_at=$2::TIMESTAMP WITHOUT TIME ZONE WHERE files.id = $3::INTEGER
2026-05-25 19:08:55,115 [INFO] sqlalchemy.engine.Engine: [cached since 129.7s ago] (3, datetime.datetime(2026, 5, 25, 16, 8, 55, 114462), 10)
2026-05-25 19:08:55,118 [INFO] sqlalchemy.engine.Engine: COMMIT
2026-05-25 19:09:02,992 [INFO] sqlalchemy.engine.Engine: BEGIN (implicit)
2026-05-25 19:09:02,995 [INFO] sqlalchemy.engine.Engine: SELECT document_templates.name, document_templates.description, document_templates.variables, document_templates.required_entities, document_templates.is_public, document_templates.creator_id, document_templates.id, document_templates.created_at, document_templates.updated_at 
FROM document_templates 
WHERE document_templates.id = $1::INTEGER
2026-05-25 19:09:02,996 [INFO] sqlalchemy.engine.Engine: [cached since 137.7s ago] (3,)
2026-05-25 19:09:03,002 [INFO] sqlalchemy.engine.Engine: SELECT files.template_id AS files_template_id, files.creator_id AS files_creator_id, files.client_id AS files_client_id, files.project_id AS files_project_id, files.name AS files_name, files.unique_name AS files_unique_name, files.path AS files_path, files.size AS files_size, files.mime_type AS files_mime_type, files.id AS files_id, files.created_at AS files_created_at, files.updated_at AS files_updated_at 
FROM files 
WHERE files.template_id IN ($1::INTEGER)
2026-05-25 19:09:03,005 [INFO] sqlalchemy.engine.Engine: [cached since 137.6s ago] (3,)
2026-05-25 19:09:03,011 [INFO] sqlalchemy.engine.Engine: SELECT users.id AS users_id, users.branch_id AS users_branch_id, users.name AS users_name, users.surname AS users_surname, users.position AS users_position, users.email AS users_email, users.password_hash AS users_password_hash, users.is_active AS users_is_active, users.must_change_password AS users_must_change_password, users.created_at AS users_created_at, users.updated_at AS users_updated_at 
FROM users 
WHERE users.id IN ($1::INTEGER)
2026-05-25 19:09:03,012 [INFO] sqlalchemy.engine.Engine: [cached since 137.6s ago] (7,)
2026-05-25 19:09:03,016 [INFO] app.middleware: GET /doc-template/3 - 200 - 0.028 sec
2026-05-25 19:09:03,020 [INFO] sqlalchemy.engine.Engine: COMMIT
2026-05-25 19:14:44,535 [INFO] sqlalchemy.engine.Engine: select pg_catalog.version()
2026-05-25 19:14:44,536 [INFO] sqlalchemy.engine.Engine: [raw sql] ()
2026-05-25 19:14:44,573 [INFO] sqlalchemy.engine.Engine: select current_schema()
2026-05-25 19:14:44,574 [INFO] sqlalchemy.engine.Engine: [raw sql] ()
2026-05-25 19:14:44,579 [INFO] sqlalchemy.engine.Engine: show standard_conforming_strings
2026-05-25 19:14:44,580 [INFO] sqlalchemy.engine.Engine: [raw sql] ()
2026-05-25 19:14:44,584 [INFO] sqlalchemy.engine.Engine: BEGIN (implicit)
2026-05-25 19:14:44,600 [INFO] sqlalchemy.engine.Engine: SELECT document_templates.name, document_templates.description, document_templates.variables, document_templates.required_entities, document_templates.is_public, document_templates.creator_id, document_templates.id, document_templates.created_at, document_templates.updated_at 
FROM document_templates 
WHERE document_templates.id = $1::INTEGER
2026-05-25 19:14:44,604 [INFO] sqlalchemy.engine.Engine: [generated in 0.00328s] (3,)
2026-05-25 19:14:44,679 [INFO] sqlalchemy.engine.Engine: SELECT files.template_id AS files_template_id, files.creator_id AS files_creator_id, files.client_id AS files_client_id, files.project_id AS files_project_id, files.name AS files_name, files.unique_name AS files_unique_name, files.path AS files_path, files.size AS files_size, files.mime_type AS files_mime_type, files.id AS files_id, files.created_at AS files_created_at, files.updated_at AS files_updated_at 
FROM files 
WHERE files.template_id IN ($1::INTEGER)
2026-05-25 19:14:44,680 [INFO] sqlalchemy.engine.Engine: [generated in 0.00109s] (3,)
2026-05-25 19:14:44,694 [INFO] sqlalchemy.engine.Engine: SELECT users.id AS users_id, users.branch_id AS users_branch_id, users.name AS users_name, users.surname AS users_surname, users.position AS users_position, users.email AS users_email, users.password_hash AS users_password_hash, users.is_active AS users_is_active, users.must_change_password AS users_must_change_password, users.created_at AS users_created_at, users.updated_at AS users_updated_at 
FROM users 
WHERE users.id IN ($1::INTEGER)
2026-05-25 19:14:44,694 [INFO] sqlalchemy.engine.Engine: [generated in 0.00098s] (7,)
2026-05-25 19:14:44,713 [INFO] app.middleware: DELETE /doc-template/3 - 200 - 0.508 sec
2026-05-25 19:14:44,726 [INFO] sqlalchemy.engine.Engine: SELECT generated_documents.creator_id AS generated_documents_creator_id, generated_documents.template_id AS generated_documents_template_id, generated_documents.file_id AS generated_documents_file_id, generated_documents.id AS generated_documents_id, generated_documents.created_at AS generated_documents_created_at, generated_documents.updated_at AS generated_documents_updated_at 
FROM generated_documents 
WHERE $1::INTEGER = generated_documents.template_id
2026-05-25 19:14:44,726 [INFO] sqlalchemy.engine.Engine: [generated in 0.00089s] (3,)
2026-05-25 19:14:44,748 [INFO] sqlalchemy.engine.Engine: UPDATE files SET template_id=$1::INTEGER, updated_at=$2::TIMESTAMP WITHOUT TIME ZONE WHERE files.id = $3::INTEGER
2026-05-25 19:14:44,751 [INFO] sqlalchemy.engine.Engine: [generated in 0.00300s] (None, datetime.datetime(2026, 5, 25, 16, 14, 44, 748776), 10)
2026-05-25 19:14:44,771 [INFO] sqlalchemy.engine.Engine: DELETE FROM document_templates WHERE document_templates.id = $1::INTEGER
2026-05-25 19:14:44,775 [INFO] sqlalchemy.engine.Engine: [generated in 0.00402s] (3,)
2026-05-25 19:14:44,784 [INFO] sqlalchemy.engine.Engine: COMMIT
2026-05-25 19:15:14,136 [DEBUG] python_multipart.multipart: Calling on_part_begin with no data
2026-05-25 19:15:14,136 [DEBUG] python_multipart.multipart: Calling on_header_field with data[54:73]
2026-05-25 19:15:14,137 [DEBUG] python_multipart.multipart: Calling on_header_value with data[75:97]
2026-05-25 19:15:14,137 [DEBUG] python_multipart.multipart: Calling on_header_end with no data
2026-05-25 19:15:14,137 [DEBUG] python_multipart.multipart: Calling on_headers_finished with no data
2026-05-25 19:15:14,137 [DEBUG] python_multipart.multipart: Calling on_part_data with data[101:109]
2026-05-25 19:15:14,137 [DEBUG] python_multipart.multipart: Calling on_part_end with no data
2026-05-25 19:15:14,137 [DEBUG] python_multipart.multipart: Calling on_part_begin with no data
2026-05-25 19:15:14,137 [DEBUG] python_multipart.multipart: Calling on_header_field with data[165:184]
2026-05-25 19:15:14,137 [DEBUG] python_multipart.multipart: Calling on_header_value with data[186:215]
2026-05-25 19:15:14,138 [DEBUG] python_multipart.multipart: Calling on_header_end with no data
2026-05-25 19:15:14,138 [DEBUG] python_multipart.multipart: Calling on_headers_finished with no data
2026-05-25 19:15:14,138 [DEBUG] python_multipart.multipart: Calling on_part_data with data[219:253]
2026-05-25 19:15:14,138 [DEBUG] python_multipart.multipart: Calling on_part_end with no data
2026-05-25 19:15:14,138 [DEBUG] python_multipart.multipart: Calling on_part_begin with no data
2026-05-25 19:15:14,138 [DEBUG] python_multipart.multipart: Calling on_header_field with data[309:328]
2026-05-25 19:15:14,138 [DEBUG] python_multipart.multipart: Calling on_header_value with data[330:357]
2026-05-25 19:15:14,138 [DEBUG] python_multipart.multipart: Calling on_header_end with no data
2026-05-25 19:15:14,138 [DEBUG] python_multipart.multipart: Calling on_headers_finished with no data
2026-05-25 19:15:14,138 [DEBUG] python_multipart.multipart: Calling on_part_data with data[361:365]
2026-05-25 19:15:14,139 [DEBUG] python_multipart.multipart: Calling on_part_end with no data
2026-05-25 19:15:14,139 [DEBUG] python_multipart.multipart: Calling on_part_begin with no data
2026-05-25 19:15:14,139 [DEBUG] python_multipart.multipart: Calling on_header_field with data[421:440]
2026-05-25 19:15:14,139 [DEBUG] python_multipart.multipart: Calling on_header_value with data[442:477]
2026-05-25 19:15:14,139 [DEBUG] python_multipart.multipart: Calling on_header_end with no data
2026-05-25 19:15:14,139 [DEBUG] python_multipart.multipart: Calling on_headers_finished with no data
2026-05-25 19:15:14,139 [DEBUG] python_multipart.multipart: Calling on_part_data with data[481:498]
2026-05-25 19:15:14,139 [DEBUG] python_multipart.multipart: Calling on_part_end with no data
2026-05-25 19:15:14,139 [DEBUG] python_multipart.multipart: Calling on_part_begin with no data
2026-05-25 19:15:14,139 [DEBUG] python_multipart.multipart: Calling on_header_field with data[554:573]
2026-05-25 19:15:14,139 [DEBUG] python_multipart.multipart: Calling on_header_value with data[575:623]
2026-05-25 19:15:14,140 [DEBUG] python_multipart.multipart: Calling on_header_end with no data
2026-05-25 19:15:14,140 [DEBUG] python_multipart.multipart: Calling on_header_field with data[625:637]
2026-05-25 19:15:14,140 [DEBUG] python_multipart.multipart: Calling on_header_value with data[639:710]
2026-05-25 19:15:14,140 [DEBUG] python_multipart.multipart: Calling on_header_end with no data
2026-05-25 19:15:14,140 [DEBUG] python_multipart.multipart: Calling on_headers_finished with no data
2026-05-25 19:15:14,141 [DEBUG] python_multipart.multipart: Calling on_part_data with data[0:12827]
2026-05-25 19:15:14,141 [DEBUG] python_multipart.multipart: Calling on_part_end with no data
2026-05-25 19:15:14,141 [DEBUG] python_multipart.multipart: Calling on_end with no data
2026-05-25 19:15:14,146 [INFO] sqlalchemy.engine.Engine: BEGIN (implicit)
2026-05-25 19:15:14,148 [INFO] sqlalchemy.engine.Engine: SELECT document_templates.name, document_templates.description, document_templates.variables, document_templates.required_entities, document_templates.is_public, document_templates.creator_id, document_templates.id, document_templates.created_at, document_templates.updated_at 
FROM document_templates 
WHERE document_templates.name = $1::VARCHAR
2026-05-25 19:15:14,149 [INFO] sqlalchemy.engine.Engine: [generated in 0.00060s] ('Testing2',)
2026-05-25 19:15:14,157 [INFO] sqlalchemy.engine.Engine: INSERT INTO document_templates (name, description, variables, required_entities, is_public, creator_id, created_at, updated_at) VALUES ($1::VARCHAR, $2::VARCHAR, $3::VARCHAR(255)[], $4::VARCHAR(255)[], $5::BOOLEAN, $6::INTEGER, $7::TIMESTAMP WITHOUT TIME ZONE, $8::TIMESTAMP WITHOUT TIME ZONE) RETURNING document_templates.id
2026-05-25 19:15:14,158 [INFO] sqlalchemy.engine.Engine: [generated in 0.00131s] ('Testing2', 'Testing doc-template possibilities', None, ['[project, client]'], True, 7, datetime.datetime(2026, 5, 25, 16, 15, 14, 157224), datetime.datetime(2026, 5, 25, 16, 15, 14, 157231))
2026-05-25 19:15:14,188 [INFO] sqlalchemy.engine.Engine: INSERT INTO files (creator_id, client_id, project_id, template_id, name, unique_name, path, size, mime_type, created_at, updated_at) VALUES ($1::INTEGER, $2::INTEGER, $3::INTEGER, $4::INTEGER, $5::VARCHAR, $6::VARCHAR, $7::VARCHAR, $8::BIGINT, $9::VARCHAR, $10::TIMESTAMP WITHOUT TIME ZONE, $11::TIMESTAMP WITHOUT TIME ZONE) RETURNING files.id
2026-05-25 19:15:14,188 [INFO] sqlalchemy.engine.Engine: [generated in 0.00083s] (7, None, None, None, 'template.docx', '58988f8579d9468da5f7be09c2dce0.docx', './uploads\\58988f8579d9468da5f7be09c2dce0.docx', 12827, 'application/vnd.openxmlformats-officedocument.wordprocessingml.document', datetime.datetime(2026, 5, 25, 16, 15, 14, 188073), datetime.datetime(2026, 5, 25, 16, 15, 14, 188082))
2026-05-25 19:15:14,230 [INFO] app.middleware: POST /doc-template - 200 - 0.097 sec
2026-05-25 19:15:14,234 [INFO] sqlalchemy.engine.Engine: UPDATE document_templates SET variables=$1::VARCHAR(255)[], updated_at=$2::TIMESTAMP WITHOUT TIME ZONE WHERE document_templates.id = $3::INTEGER
2026-05-25 19:15:14,235 [INFO] sqlalchemy.engine.Engine: [generated in 0.00059s] (['user_name', 'project_name', 'client_name', 'user_username'], datetime.datetime(2026, 5, 25, 16, 15, 14, 234635), 4)
2026-05-25 19:15:14,237 [INFO] sqlalchemy.engine.Engine: UPDATE files SET template_id=$1::INTEGER, updated_at=$2::TIMESTAMP WITHOUT TIME ZONE WHERE files.id = $3::INTEGER
2026-05-25 19:15:14,238 [INFO] sqlalchemy.engine.Engine: [cached since 29.49s ago] (4, datetime.datetime(2026, 5, 25, 16, 15, 14, 237823), 11)
2026-05-25 19:15:14,240 [INFO] sqlalchemy.engine.Engine: COMMIT
2026-05-25 19:15:41,957 [INFO] sqlalchemy.engine.Engine: BEGIN (implicit)
2026-05-25 19:15:41,959 [INFO] sqlalchemy.engine.Engine: SELECT document_templates.name, document_templates.description, document_templates.variables, document_templates.required_entities, document_templates.is_public, document_templates.creator_id, document_templates.id, document_templates.created_at, document_templates.updated_at 
FROM document_templates 
WHERE document_templates.id = $1::INTEGER
2026-05-25 19:15:41,960 [INFO] sqlalchemy.engine.Engine: [cached since 57.36s ago] (4,)
2026-05-25 19:15:41,964 [INFO] sqlalchemy.engine.Engine: SELECT files.template_id AS files_template_id, files.creator_id AS files_creator_id, files.client_id AS files_client_id, files.project_id AS files_project_id, files.name AS files_name, files.unique_name AS files_unique_name, files.path AS files_path, files.size AS files_size, files.mime_type AS files_mime_type, files.id AS files_id, files.created_at AS files_created_at, files.updated_at AS files_updated_at 
FROM files 
WHERE files.template_id IN ($1::INTEGER)
2026-05-25 19:15:41,974 [INFO] sqlalchemy.engine.Engine: [cached since 57.3s ago] (4,)
2026-05-25 19:15:41,977 [INFO] sqlalchemy.engine.Engine: SELECT users.id AS users_id, users.branch_id AS users_branch_id, users.name AS users_name, users.surname AS users_surname, users.position AS users_position, users.email AS users_email, users.password_hash AS users_password_hash, users.is_active AS users_is_active, users.must_change_password AS users_must_change_password, users.created_at AS users_created_at, users.updated_at AS users_updated_at 
FROM users 
WHERE users.id IN ($1::INTEGER)
2026-05-25 19:15:41,979 [INFO] sqlalchemy.engine.Engine: [cached since 57.29s ago] (7,)
2026-05-25 19:15:41,986 [INFO] app.middleware: DELETE /doc-template/4 - 200 - 0.032 sec
2026-05-25 19:15:41,990 [INFO] sqlalchemy.engine.Engine: SELECT generated_documents.creator_id AS generated_documents_creator_id, generated_documents.template_id AS generated_documents_template_id, generated_documents.file_id AS generated_documents_file_id, generated_documents.id AS generated_documents_id, generated_documents.created_at AS generated_documents_created_at, generated_documents.updated_at AS generated_documents_updated_at 
FROM generated_documents 
WHERE $1::INTEGER = generated_documents.template_id
2026-05-25 19:15:41,991 [INFO] sqlalchemy.engine.Engine: [cached since 57.27s ago] (4,)
2026-05-25 19:15:41,998 [INFO] sqlalchemy.engine.Engine: UPDATE files SET template_id=$1::INTEGER, updated_at=$2::TIMESTAMP WITHOUT TIME ZONE WHERE files.id = $3::INTEGER
2026-05-25 19:15:41,999 [INFO] sqlalchemy.engine.Engine: [cached since 57.25s ago] (None, datetime.datetime(2026, 5, 25, 16, 15, 41, 998701), 11)
2026-05-25 19:15:42,005 [INFO] sqlalchemy.engine.Engine: DELETE FROM document_templates WHERE document_templates.id = $1::INTEGER
2026-05-25 19:15:42,006 [INFO] sqlalchemy.engine.Engine: [cached since 57.24s ago] (4,)
2026-05-25 19:15:42,011 [INFO] sqlalchemy.engine.Engine: COMMIT
